url	title	author	publish_time	comment_count	digg_count	collect_count
https://www.douyin.com/video/7336293063997820194	职业背债人骗局揭秘#职业背债人 #无不良引导	胡说峰老湿	2024-02-17 04:09:13	474	1964	479
https://www.douyin.com/video/7360877977623612683	男子做职业背债人中介，帮助批贷1个亿，获利5百万，有什么法律风险吗？#贷款 #职业背债 #贷款诈骗罪 #法律咨询 #抖来普法2024	蓝江律师	2024-04-23 10:06:09	4624	35463	5473
https://www.douyin.com/video/7315006561439534375	警惕，不要上当！不要毁了你的一切可能！ #职业背债人应该引起重视 #背债人	龙曜资产	2023-12-22 19:30:00	1248	10751	1676
https://www.douyin.com/video/7328016984585571621	职业背债人这个新型骗局，竟然比缅北诈骗还恐怖#新型骗局  #重庆房产 #重庆法拍房	当然聊法拍	2024-01-25 20:48:36	2701	25026	9513
https://www.douyin.com/video/7292066205421063462	那些背债的人后来怎么样了？中介收50万很惶恐！ #丁哥说法	丁哥说法	2023-10-20 23:42:06	643	2566	559
https://www.douyin.com/video/7300591189571472691	背债人生意 套路解析 防骗指南#财经 #金融 #认知 #商业思维 #沉心观世界	沉心观世界	2023-11-12 23:02:35	177	3777	765
https://www.douyin.com/video/7346528592844705043	你以为别人好心请你吃饭，实际上，你才是桌上的晚餐 #债务	璐哥看透彻	2024-03-15 18:03:43	148	95201	19336
https://www.douyin.com/video/7299643885700042020	人性本贪，人性本懒，人性本恶#背债人的生活 #行业揭秘	比尔盖南	2023-11-10 09:46:40	8829	188619	42248
https://www.douyin.com/video/7265696106221161782	背债中介那么多，你到底该信哪一个？生活很美好，不去背债行不行？#背债人 #揭秘 #大实话	@刘俊	2023-08-10 22:11:48	1743	3443	447
https://www.douyin.com/video/7317510668066868531	职业背债人，套路骗术细节解析  #金融小知识  #职业背债人  #防骗指南  #传播正能量 	超公子说财商	2023-12-28 13:18:57	154	602	305
https://www.douyin.com/video/7395083228853390630	职业背债人 职业背债人#股权  #认知  #人性	股权设计室	2024-07-24 19:00:00	892	2831	810
https://www.douyin.com/video/7381132247975333183	揭秘职业背债人行业内幕#揭秘 #背债人 #商业思维 #认知 #干货分享	dada商业说(IP陪跑)	2024-06-17 10:00:00	209	5947	2335
https://www.douyin.com/video/7279006217693924660	三个月能挣五百万？今天揭秘一下”职业背债人“#揭秘骗局 #商业思维 #职业背债人	洋哥说事儿	2023-09-15 19:02:06	1217	2293	617
https://www.douyin.com/video/7322025931181215028	背债人是什么意思？巨大风险你知道吗？#背债人 #抖来学法 #认知 #行业大揭秘	陈教主（重生日记）	2024-01-09 17:20:22	453	925	281
https://www.douyin.com/video/7325630145614613795	谁在做背债人？迷人外表下有哪些风险？职业背债人骗局详解 #职业背债人 #职业背债人应该引起重视	镜相工作室	2024-01-19 10:27:01	75	4246	433
https://www.douyin.com/video/7233343436978408759	背债到底能不能做？我从背债人和背债从业人员两个放面聊聊 #银行贷款 #背债人 #长沙贷款	长沙老阳说金融	2023-05-15 17:46:56	499	1864	428
https://www.douyin.com/video/7246713891449769251	职业背债人啥也不做，三个月轻松到手500万#重庆法拍房 #重庆房产 #不良资产处置	重庆法拍房枫枫	2023-06-20 18:31:03	7490	40322	8310
https://www.douyin.com/video/7372489107458493706	什么是职业背债人，又名代持人 #买房 #重庆房产	小郑说房(直播号)	2024-05-24 17:03:13	146	1759	265
https://www.douyin.com/video/7372083191101902130	警惕职业背债套路#贷款 #负债 #吴先生金融说	吴先生金融说	2024-05-23 15:08:07	4921	3354	535
https://www.douyin.com/video/7368060261762141477	出现新骗局，背债人，记得转发给你朋友，不要上当受骗！#昆明同城 #昆明房产 #一个敢说真话的房产 #避坑指南 #昆明楼市	昆明阿鹏说房	2024-05-12 18:37:02	774	7917	4156
https://www.douyin.com/video/7358811581435710770	大🔥觉得值得吗？#内容过于真实 #负债 #征信	陈小五	2024-04-17 20:27:24	751	1538	265
https://www.douyin.com/video/7323792483324857652	最近很火的新骗局，3月到手50万？@国家反诈中心 #新骗局又来了大家注意防范 #金融	起哥的车库	2024-01-14 11:35:28	2305	24720	2628
https://www.douyin.com/video/7307947913026555170	竟然还有这个职业，给你多少钱你会干？#职业背债人 #揭秘 #背债人 #震惊三观	闯业居居	2023-12-02 18:50:32	551	3137	961
https://www.douyin.com/video/7394440301156240652	#成都 #知识分享	小敏信息咨询工作室	2024-07-22 20:45:01	180	311	30
https://www.douyin.com/video/7368777960117013775	德阳 出现了新骗局背债人！#德阳 #一个敢说真话的房产人 #抖音房产	德阳老肖说房	2024-05-14 17:02:05	243	2791	923
https://www.douyin.com/video/7339580105154530600	重庆新骗局太恐怖了，月入百万你能把持住吗？#重庆 #骗局 #贷款 #职业背债人	赵震惊	2024-02-26 11:30:00	9016	52229	9111
https://www.douyin.com/video/7234864057231199546	背债弥天大骗局，谨防！快转发给你最亲的人。#骗局揭秘 #背债 #诈骗防范	瀚中	2023-05-19 20:07:42	9087	2836	547
https://www.douyin.com/video/7376561349914004746	当老赵碰上“背债人”，白白扔了30万，哈哈！#郑州金融服务老赵 #郑州 #郑州助贷 #郑州同城 #财经	郑州老赵-企业咨询	2024-06-04 16:25:36	165	1019	130
https://www.douyin.com/video/7383263639219735808	一种神秘人群：职业背债人！大家小心避免上当！#背债人 #金融常识 #万万想不到	琦说金融	2024-06-22 17:53:58	2552	6877	1008
https://www.douyin.com/video/7373578695363087627	警惕职业背债人，一个比缅北诈骗更恐怖的行业！ #法律咨询 #北京刑事律师 #刑事辩护	北京律师老刘	2024-05-31 18:10:00	470	6666	3205
https://www.douyin.com/video/7198159840496160055	一个视频讲清“背债贷款”，法律风险是什么？代价是什么？#法律科普 	葛萌律师	2023-02-09 22:16:48	3903	5189	2265
https://www.douyin.com/video/7329325148819950859	上海警方披露一起涉案6000万元的房贷诈骗案，黄牛以利诱揽“背债人”承诺“1个月到手百万”“3到6个月，到手500万”，有人背负数百万贷款被中介一脚踢开，有人被骗取个人信息，进行违法犯罪活动	新京报	2024-01-29 09:25:18	5394	15685	3149
https://www.douyin.com/video/7342088926644997426	银行内幕你知道吗#银行 #银行那些事 #银行内幕 #银行贷款 #背债人	大成聊金融（不良资产）	2024-03-03 18:55:02	644	8375	1798
https://www.douyin.com/video/7367941712771108147	职业背债人，背1000万，到手600万，会判多久 #背债人 #刑事律师 #深圳律师	深圳李凯律师刑事法律在线咨询	2024-05-13 17:30:00	1839	8942	912
https://www.douyin.com/video/7291266293431274804	警惕背债骗局！ #背债人 #征信 #社保	晓芳聊财经	2023-10-18 19:57:15	877	6068	1009
https://www.douyin.com/video/7280364504276389132	职业背债人，都是被骗的！#段成 #说真话	段成 金融顾问	2023-09-19 10:52:44	21212	16919	3444
https://www.douyin.com/video/7329439053928041763	“职业背债人”配合贷款  1个月躺赚百万？实际背后暗藏深坑，拿不到钱还背房贷	Vista看天下	2024-01-29 16:47:49	5663	49591	8615
https://www.douyin.com/video/7331982916379086090	今天风光无限，明天就变成失信人 #徐不投 #职业背债人 #失信人 #商业	徐不投	2024-02-14 10:00:00	550	7344	1025
https://www.douyin.com/video/7345051611942702371	视频里的内容大家一定不要做。现在已经有新的骗局打法，下期揭露。#高瑞 #高瑞聊金融 #企业服务 #银行贷款 #华城瑞讯	高瑞 企业服务	2024-03-11 18:31:49	1482	8789	1528
https://www.douyin.com/video/7350138001088908607	比诈骗还恐怖的行业！背债人背后的真相是什么？ #老板#商业思维 #涨知识 #股权设计 #臧其超	藏其超新商业	2024-03-25 11:30:05	30	633	128
https://www.douyin.com/video/7275269752925310266	职业背债人出现了，用征信换贷款，然后断供，房地产离暴雷还有多远？#房贷 #职业背债人应该引起重视 #断供的后果	小镇诗人	2023-09-05 17:22:30	11436	93648	13924
https://www.douyin.com/video/7302614665278917907	背债人真的是在过有钱又清闲的日子吗？#背债人的生活 #银行那些事 @DOU+小助手	中融亚洲	2023-11-18 09:54:50	705	2304	398
https://www.douyin.com/video/7382930977049316627	3个月躺赚几百万?职业背债人的黑幕#抖来普法2024	马俊哲律师	2024-06-22 08:00:00	137	6348	2129
https://www.douyin.com/video/7332716554192243980	金融骗局后续#贷款买房#金融常识 #金融危机	董老师聊金融	2024-02-07 12:46:47	1052	3667	1275
https://www.douyin.com/video/7377744853536378149	职业背债人，背1000万，到手400万，有可能会判多久 #职业背债人 #刑事律师 #深圳律师	深圳李凯律师刑事法律在线咨询	2024-06-07 20:58:00	1578	3865	459
https://www.douyin.com/video/7336754116372335912	"远离背债，别拿自己的一生开玩笑
#行走的银行 #银行人 #背债人"	山城王小王	2024-02-18 09:53:48	6	22	2
https://www.douyin.com/video/7331191113363082548	究其本质，在法律层面上与骗取贷款罪同属。	齐鲁晚报·果然视频	2024-02-03 10:06:01	19528	96882	14155
https://www.douyin.com/video/7315435459474132274	大学生刚毕业，充当背债人进监狱了，爸妈一个白头苍老许多。#贷款 #贷款买房 #融资 #金融 #诈骗	铲子哥；在魔都	2023-12-22 23:06:29	389	1180	372
https://www.douyin.com/video/7319331562116435251	揭秘篇：职业背债人#担保需谨慎 #背债人 #金融常识	苏州金融周彪	2024-01-02 11:05:43	1443	1425	359
https://www.douyin.com/video/7346806392268786955	职业背债人的真相是什么#泰安 #职业背债人 #防骗	金舵家鲜食海参小时达	2024-03-16 12:01:08	307	2712	301
https://www.douyin.com/video/7342439116904107290	#银行贷款 #背债 #背债人的生活 #失信被执行人 #债务纠纷	武汉龙先生在银行圈	2024-03-04 17:33:52	1450	10329	1653
https://www.douyin.com/video/7390774788123282688	“背债人”不能做！给多钱都别做！	陕西警方	2024-07-15 08:00:00	115	1037	173
https://www.douyin.com/video/7331240948644449536	"职业背债人的暴利生意经：3个月躺赚200万，代价是“一辈子老赖”，或涉嫌骗取贷款罪
（东方网·纵相视频 蒋美青）"	东方网	2024-02-03 13:19:23	55	687	91
https://www.douyin.com/video/7306350023606930728	三个月给你十万，揭秘职业背债人惊天内幕。#老宋讲法拍 #老宋房谈 #法拍房 #郑州法拍房 #职业背债人	郑州法拍房	2023-11-28 11:30:04	30	3823	769
https://www.douyin.com/video/7346929526120779027	揭秘一个1+2和老公做局让原配背债的套路。#离婚 #婚姻 #夫妻债务	法律人老曹	2024-03-16 19:59:00	348	8458	1954
https://www.douyin.com/video/7337678553279958299	#职业背债#观点分享 #普及知识 #老实人说老实话	春哥	2024-02-20 21:40:30	5	17	1
https://www.douyin.com/video/7396275450793692426	#创作灵感 背债会不会坐牢！欢迎大家发表自己的意见#金融常识 #银行贷款 #解决你的经济难题 #公积金 @抖音热点宝	浙江金融→杨泽	2024-07-27 19:26:20	1	12	1
https://www.douyin.com/video/7331223259528072459	颠覆你的想像，职业背债人浮出水面，游走在法律边缘，对此你怎么看？#金融常识 #法律讲堂 #抖来普法2023	吕华剑律师	2024-02-03 12:10:43	11	12	1
https://www.douyin.com/video/7394415585653755176	职业闭店人？职业背债人？揭露教培老板跑路真相！#培训机构 #维权 #爆料 #避坑	熙妈聊教育.	2024-07-22 19:09:11	106	1447	75
https://www.douyin.com/video/7396508336834759987	企业规划 是基于个体或者企业实际的经营情况来做岱前，岱中，岱后的指导#金融 #企业服务#解决问题 #武汉同城	奇哥-武汉金融企服	2024-07-28 10:30:05	2	15	0
https://www.douyin.com/video/7396282805170474280	银行的债务谁来背#银行 #债务 #存款人	王笃明企业重组并购	2024-07-27 19:55:18	134	383	36
https://www.douyin.com/video/7396304325951098151	自我反省，人到中年负债3100万，我可能是中年人里面混的最差的那个人吧！#负债前行 #负债人加油 #成年人的崩溃 #说不出的心酸 #负债人	@老余有点愚（翻身记）	2024-07-27 21:18:27	59	201	25
https://www.douyin.com/video/7396268490111339795	有多大脚，穿多大鞋，脚踏实地才是唯一出路#负债 #认知 #思维	赵撑伞	2024-07-27 18:59:21	305	2652	606
https://www.douyin.com/video/7396617500332543267	定兴的兄弟们，你是否有勇气直面负债？ #定兴房产买卖 #定兴青年#小豪金融日记 #负债规划#认知觉醒	定兴青年👦🏻小豪金融日记	2024-07-28 17:33:47	11	89	7
https://www.douyin.com/video/7396237961722973477	虽然我是一名中介，靠这个行业吃饭，但是我并不希望负债的人越来越多！#郑州金融服务老赵 #郑州同城 #郑州 #财经 #郑州助贷	郑州老赵-企业咨询	2024-07-27 17:00:56	38	134	27
https://www.douyin.com/video/7395917139200265482	恳求人民法院，给我们负债人一条活路吧，我们也想从头再来#负债前行 #社会百态 #情感	源源	2024-07-26 20:15:57	103	427	8
https://www.douyin.com/video/7342464673280740644	高中背债300万到东山再起 #创业 #创业经历 #故事 #禹橙 #红人聚	禹橙-商业红人聚	2024-03-04 19:13:09	73	1715	642
https://www.douyin.com/video/7396279868415036672	中年男人因为负债房贷差点断供，意外做自媒体居然月入十万#创业 #负债 #翻身	小张再次出发	2024-07-27 19:55:14	2288	15304	2312
https://www.douyin.com/video/7396628051502681381	负债的朋友们，有一大批网贷公司被吊销牌照，快看看你欠的网贷，有没有在名单上？如果你刷到这个视频，帮忙点个赞、点个关注！谢谢😜#负债 #逾期协商 #合规网贷  #债权  #网贷  @抖音小助手	阿龙在努力	2024-07-28 18:14:45	6	12	1
https://www.douyin.com/video/7396550056205126947	这几件事一定要注意！#走出低谷 #情感共鸣 #负债人 #说真话 #难熬的日子终会过去	张二娃（平头哥）	2024-07-28 13:12:01	37	331	107
https://www.douyin.com/video/7396608485154196773	你认为卖给谁合适？#关注负债者 #法律咨询 @DOU+小助手	华哥律法认知圈	2024-07-28 16:58:47	198	88	2
https://www.douyin.com/video/7396601098439625995	【客户案例】北京房抵贷款100万，半时间被黑心中介坑了30万，负债从20多万飙升至200多万，真实案例分享，办理贷款需要擦亮双眼#金融常识 #银行贷款 #行业揭秘 #北京房抵 #房抵经营贷	北京行正道-房抵咨询	2024-07-28 16:30:06	5	8	0
https://www.douyin.com/video/7396272960161516812	#科普 #负债前行 #捷信 @DOU+小助手 @抖音小助手 @DOU+上热门	顺哥	2024-07-27 19:25:23	34	57	10
https://www.douyin.com/video/7395596763807108379	丈母娘新技能，“会看征信报告”，结婚前看一下对方征信太重要了，别到时候帮他背债。#银行贷款 #个人征信报告	小朱聊金融	2024-07-25 23:32:44	20	131	39
https://www.douyin.com/video/7396256666276171049	事实证明人在落魄的时候是真的没有朋友的！#只有经历过的人才会懂 #扎心现实 #成年人的崩溃 #真实经历 #负债人	小马（重头来过)	2024-07-27 18:13:32	32	256	38
https://www.douyin.com/video/7396473904543452452	网贷逾期不还了，最坏的结果是什么？#负债前行 #银行贷款 #逾期 #信用卡 #淮安	淮安好运哥居间咨询	2024-07-28 08:16:41	40	780	355
https://www.douyin.com/video/7396568359967493427	全国8亿人负债，其中有你吗？#金融常识 #金融 #银行 #信用知识	银行  富贵	2024-07-28 14:23:12	6	77	23
https://www.douyin.com/video/7396514103998680374	《无尽负债》#小说推荐 #漫画解说 #文荒推荐	无尽书屋	2024-07-28 10:52:32	175	4776	1328
https://www.douyin.com/video/7396627179993337088	你们都负债多少呢#黄金回收 #今日金价 #没有套路 #奢侈品回收	连云港小会黄金回收＋定制	2024-07-28 18:11:19	88	65	3
https://www.douyin.com/video/7396542532806610215	02年女生负债40万创业#日常vlog #享受当下 #每天都要甜甜的	钱塘田木子大码批发	2024-07-28 12:42:51	27	102	3
https://www.douyin.com/video/7396247621532126501	负债过期压力太大？请你思考这三个问题！ #法律咨询 #抖来学法 #负债 #逾期	叶律师在广州（债权债务）	2024-07-28 15:40:00	18	252	13
https://www.douyin.com/video/7395504317366652201	下半年负债人的春天来了，要利用好这些政策 #负债 #逾期 #负债前行	方老师说债务协商	2024-07-26 18:50:00	50	623	170
https://www.douyin.com/video/7396564254473653540	被诉故事解决过程#法律常识 #抖来普法2024	田总【靠谱】	2024-07-28 14:07:08	9	100	50
https://www.douyin.com/video/7396555470296583478	#负债前行 #科普 #捷信 @DOU+小助手 @抖音小助手 @DOU+上热门	顺哥	2024-07-28 13:43:32	1	6	4
https://www.douyin.com/video/7395795805916990720	【完整版】对话辜朝明、朱宁：高负债、低消费、房产泡沫，日本失去三十年敲响的警钟 #掘金计划2024  #日本经济 #房地产 #辜朝明 #聊一波	聊一波@王波明	2024-07-26 12:25:23	355	8769	4609
https://www.douyin.com/video/7395830014572252443	8亿人负债 你只是其中一个 #负债人 #经历 #感受 #共鸣 #债务 @DOU+小助手	大司哥砥砺前行	2024-07-26 18:22:00	71	334	34
https://www.douyin.com/video/7396256221310848310	你们接到催收电话是怎么回答的#负债前行 #催收 #逾期协商 #关注负债者 #债务逾期 @DOU+小助手	远哥的故事	2024-07-27 18:11:47	37	35	2
https://www.douyin.com/video/7395023587532442932	警惕催收新套路，让你防不胜防#负债前行 #法律 #经济 #金融 #财经	龙卫星律师	2024-07-28 14:00:00	2	21	8
https://www.douyin.com/video/7396617689919229184	毕业一年，普通二本还过着负债生活，希望大家不要笑话我#打工人 #00后 #存钱 #记录真实生活 #阿柴记账	柚子呀	2024-07-28 17:34:28	105	232	26
https://www.douyin.com/video/7396627628779736360	#逾期 #法律咨询 #负债 #催收 #冻结	刘律师（晚10点直播）	2024-07-28 18:13:04	77	604	771
https://www.douyin.com/video/7396572831263247642	电话托管:失业版 #负债前行 #逾期协商 #逾期 #催收 #解决问题	崛起之路	2024-07-28 14:40:21	0	10	0
https://www.douyin.com/video/7282956604281064743	背债人#背债人 @DOU+小助手	中融亚洲	2023-09-26 10:31:29	506	3239	547
https://www.douyin.com/video/7396142623406296320	给负债人留条活路吧！#负债前行 #走出低谷 #负债人 #负债人的心声 #负债人加油	协商法律咨询事务所	2024-07-27 10:50:58	55	1041	61
https://www.douyin.com/video/7276624724434734348	职业背债人#我在抖音讲贷款	中融亚洲	2023-09-09 09:00:30	19252	19745	4266
https://www.douyin.com/video/7338388351151508745	#职业背债人 #银行 #大连 #贷款 #小马聊金融 什么是职业背债人？	小马聊金融（大连）	2024-02-22 19:34:49	13	28	2
https://www.douyin.com/video/7395856701909470504	口子疯了，如果征信有问题还能否贷款？#征信 #银行贷款 #企业 #银行知识	连云港胡行长	2024-07-26 16:30:01	119	363	83
https://www.douyin.com/video/7396142623406296320	给负债人留条活路吧！#负债前行 #走出低谷 #负债人 #负债人的心声 #负债人加油	协商法律咨询事务所	2024-07-27 10:50:58	55	1041	61
https://www.douyin.com/video/7338388351151508745	#职业背债人 #银行 #大连 #贷款 #小马聊金融 什么是职业背债人？	小马聊金融（大连）	2024-02-22 19:34:49	13	28	2
https://www.douyin.com/video/7395750820756671807	39岁负债158 我是不是很失败 像我这样的人还有救吗#负债前行 #低谷期一定要默默的熬过去	江西徐少（回头是岸）	2024-07-26 09:30:42	429	4412	546
https://www.douyin.com/video/7359133686182317327	什么是背债人？#职业背债人 #背债人 #灵魂拷问 #认知 #讲真话	高晴 企业规划师	2024-04-18 17:17:23	1124	1440	377
https://www.douyin.com/video/7334569535158160681	职业背债人被抓以后会怎么判刑，贷款诈骗罪判多少年#职业背债人 #诈骗罪#贷款诈骗罪#广州刑事律师#广州专业刑事律师 天河区刑事律师|白云区刑事律师|黄埔区刑事律师	广州律师朱明利	2024-02-12 12:36:17	454	585	244
https://www.douyin.com/video/7395856701909470504	口子疯了，如果征信有问题还能否贷款？#征信 #银行贷款 #企业 #银行知识	连云港胡行长	2024-07-26 16:30:01	119	363	83
https://www.douyin.com/video/7396269279848484146	我是被超前消费残害的90后，曾经拿着一二十万年薪，成功让自己负债近200万！#创作灵感 #负债前行 #超前消费	刘俊不装了	2024-07-27 19:02:28	142	299	42
https://www.douyin.com/video/7395923514894683426	有人建议我相亲还债，你觉得可行不？ #负债前行 #相亲 #脱单 #创业者 #韩后王敢敢	韩后创始人王敢敢	2024-07-26 20:40:41	93	473	19
https://www.douyin.com/video/7328050595078671625	"背债？！那是真的傻！
#一个敢说真话的房产人 #金融知识"	逐风	2024-01-25 22:59:05	14	41	11
https://www.douyin.com/video/7396321660309081396	“催收电话永远不接会怎么样”#贵阳金融 #贵阳贷款 #催收电话 #负债前行 #五险一金	段凯胜	2024-07-27 22:25:42	134	1263	592
https://www.douyin.com/video/7351369445081681186	3月28日报道，河南郑州，男子暴富梦想没实现，反被哄骗成职业背债人，幸好幡然醒悟，没酿成大祸|贷200万能净挣100万？④	大象新闻	2024-03-28 19:08:13	46	845	145
https://www.douyin.com/video/7367245329734913307	小姑娘成汽车背债人，真的要小心身边亲近之人！ #汽车知识	阿科车与生活	2024-05-10 16:50:00	801	22711	4597
https://www.douyin.com/video/7395026958054067496	欠债人如何应对债务逾期问题？#负债前行 #法律 #金融 #财经 #经济	龙卫星律师	2024-07-28 20:00:00	1	2	0
https://www.douyin.com/video/7395878715806207244	赔了2000万 负债500万，我还能东山再起吗？#创业 #商业思维 #负债 #女性智慧 #美业	冯姐丨美业赋能变现	2024-07-26 17:46:55	5	23	1
https://www.douyin.com/video/7353212782948388108	职业背债，违法必究#郑州同城 #金融常识 #银行贷款	郑州金融姬康	2024-04-02 18:21:17	4	29	3
https://www.douyin.com/video/7326832595747032361	揭秘篇：职业背债人#背债人 #金融常识 #担保需谨慎	吕梁众赢金服 飞飞	2024-01-22 16:12:41	15	63	10
https://www.douyin.com/video/7396479124014959906	信用卡无力偿还，打内部电话才能协商 #负债前行 #负债人 #负债人的心声 #负债人加油	协商法律咨询事务所	2024-07-28 08:36:52	21	956	466
https://www.douyin.com/video/7396254825513585935	负债后会是一种什么心理#创业 #负债 #创业路上的我们 #独立女性 #女性创业	竹子在路上	2024-07-27 18:06:22	117	232	14
https://www.douyin.com/video/7396254825513585935	负债后会是一种什么心理#创业 #负债 #创业路上的我们 #独立女性 #女性创业	竹子在路上	2024-07-27 18:06:22	117	232	14
https://www.douyin.com/video/7269688317975776571	职业背债到底是不是精心设计的杀猪盘？背债人会有什么下场？ #背债人  #职业背债人  #杀猪盘  #贷款 	友哥说天下	2023-08-21 16:23:42	875	1690	496
https://www.douyin.com/video/7363631167062494474	7旬老人贷款一个亿！背债人不了解一下。#背债人 #贷款 #反诈者集合 #七旬老人贷款1个亿	王经理（8月17杭州“千人”交流大会）	2024-04-30 20:09:52	129	1022	259
https://www.douyin.com/video/7265139537087630631	职业背债人套路有多深？#工地 #工程 #施工 #建筑	胡子兄弟工程圈	2023-08-09 10:12:03	631	2085	194
https://www.douyin.com/video/7368466411586473267	如果一个月带你赚300万，代价是“一辈子当老赖”你愿意吗？#征信花 #老赖 #背债人	房产温姑娘（招贤）	2024-05-13 20:53:09	387	1459	285
https://www.douyin.com/video/7395579410281270538	给所有所有负债人，一个忠告#负债人 #走出低谷 #淄博伍星说金融 #淄博贷款	淄博伍星说金融	2024-07-25 22:25:21	3	30	6
https://www.douyin.com/video/7396653934032538917	在南京什么样的人可以债务重组#南京同城#银行贷款 #负债前行	南京金融@小武哥	2024-07-28 19:55:06	1	2	0
https://www.douyin.com/video/7395823762186243367	#欠钱不还 #关注负债者 #负债前行 #抖来普法2024 #法律咨询	小刘律	2024-07-26 14:13:36	376	789	373
https://www.douyin.com/video/7396542115938848012	活着就有希望 为了家人，为了责任，为了梦想，我们永不言弃，一直在路上。#创业 #商业思维 #负债前行 #励志 #我的未来不是梦	陈风雨	2024-07-28 12:41:09	128	749	76
https://www.douyin.com/video/7286382147982740773	野路子之职业背债人#抖音房产 #认知 #防骗	老单	2023-10-05 16:04:18	248	3296	418
https://www.douyin.com/video/7396210003989794089	#科普 #负债前行 #捷信 @DOU+小助手 @抖音小助手 @DOU+上热门	顺哥	2024-07-27 15:20:13	6	42	2
https://www.douyin.com/video/7396196149952040232	#负债人如何翻身上岸 #负债前行 #债务逾期 #负债人 #走出低谷	罗老师咨询	2024-07-27 14:18:42	3	21	5
https://www.douyin.com/video/7220072677938072871	新型骗局！莫名其妙的背上几百万的债务！！！#石家庄房产	石家庄房墩墩	2023-04-09 23:29:43	3235	18862	4203
https://www.douyin.com/video/7396622911081024804	有头发谁想做光头#银行贷款 #负债前行 #干货分享 #现实比故事更真实	顺德阿东说金融	2024-07-28 17:54:40	4	36	1
https://www.douyin.com/video/7357265606837603636	濮阳的小伙伴注意了职业背债人#同城 #背债人 #上热门 #楼市 #涛哥聊房 @DOU+上热门 @DOU+小助手	涛哥聊房（敢说实话）	2024-04-13 16:28:19	59	1088	382
https://www.douyin.com/video/7395808819957222706	预查废机制实施，真的不用还钱了吗？ 	二勇&努力上岸	2024-07-26 13:15:40	295	830	203
https://www.douyin.com/video/7396222420702481705	你有负债吗？你的负债可以当钱花吗？ #短剧 #我的负债是宝贝 #品帅首部短剧 #热门短剧推荐 	品帅有戏	2024-07-28 17:30:58	0	7	0
https://www.douyin.com/video/7396229330881350931	深圳工厂老板负债1000多万做环卫工还清了债务#工厂老板 #农村创业人 #创业失败 #环卫工	洪新观点	2024-07-27 16:27:29	1	4	0
https://www.douyin.com/video/7332091873084869922	三个月时间就能赚到四五百万靠谱吗 @翼仔安家信息咨询部 @翼仔说房 @广州翼仔探房 @番禺翼仔探房 #背债人 #职业背债人 #贷款 #热点新闻事件	翼仔说房	2024-02-06 08:00:00	16	8	3
https://www.douyin.com/video/7311575940520283418	很多老板都在做，可惜他们不敢说的事情。#创业 #老赖 #职业背债人 #商业思维 #避坑	赵撑伞	2023-12-12 13:29:45	221	5226	1190
https://www.douyin.com/video/7229275858937056551	白吃白喝半年，还给你一百万，你相信这种好事儿吗#负债 #金融 #知识分享 #大数据推荐给有需要的人	46723696527	2023-05-04 18:42:40	9	13	6
https://www.douyin.com/video/7396653934032538917	在南京什么样的人可以债务重组#南京同城#银行贷款 #负债前行	南京金融@小武哥	2024-07-28 19:55:06	1	2	0
https://www.douyin.com/video/7396151946689694988	"#上热门 @DOU+小助手 
企业孵化，你所认为的背债？
#干货分享 #创业者共勉 #认知提升"	光大金控(企业孵化头部）	2024-07-27 11:27:09	0	5	0
https://www.douyin.com/video/7333044809902345512	#职业背债人 #职业背债人应该引起重视 #背债人 #干货 #房产	张家口飞哥说房	2024-02-08 10:00:15	10	31	14
https://www.douyin.com/video/7286382147982740773	野路子之职业背债人#抖音房产 #认知 #防骗	老单	2023-10-05 16:04:18	248	3296	418
https://www.douyin.com/video/7220072677938072871	新型骗局！莫名其妙的背上几百万的债务！！！#石家庄房产	石家庄房墩墩	2023-04-09 23:29:43	3235	18862	4203
https://www.douyin.com/video/7320556709557079334	职业背债人，就是骗贷新骗局！#骗局揭秘 #内容过于真实 #全民反诈	三秦反诈	2024-01-05 18:19:00	15	26	7
https://www.douyin.com/video/7395808819957222706	预查废机制实施，真的不用还钱了吗？ 	二勇&努力上岸	2024-07-26 13:15:40	295	830	203
https://www.douyin.com/video/7376641393592257792	一条视频告诉你什么是职业背债人，防止上当！#金融 #认知 #内容过于真实 #揭秘	嘉茵 广州金融	2024-06-04 21:36:13	163	1762	549
https://www.douyin.com/video/7356122284664343808	精于算计作茧自缚，最终难逃法网 找到背债人榨干价值后直接踢开#背债人 #贷款 #普法宣传 #上海房产 #今日说法	喵喵625	2024-04-10 14:31:55	59	604	283
https://www.douyin.com/video/7307062904455531815	这个太狠了，比缅北诈骗还恐怖！#诈骗 #背债人 #买房 #贷款 #抵押贷款	虎说西安楼市	2023-11-30 09:36:13	11	20	2
https://www.douyin.com/video/7320556709557079334	职业背债人，就是骗贷新骗局！#骗局揭秘 #内容过于真实 #全民反诈	三秦反诈	2024-01-05 18:19:00	15	26	7
https://www.douyin.com/video/7307156064665996583	想方设法让你背债的老公到底有多可怕？#夫妻共同债务 #成都律师 #离婚律师 #法律咨询 #法律知识	渣男照妖镜｜婚姻律师徐云	2023-11-30 20:30:00	318	3429	1423
https://www.douyin.com/video/7267741689312251194	什么是背债人？揭秘背债人背后的骗局 #刑事律师 #背债人	深圳李凯律师刑事法律在线咨询	2023-08-16 10:30:00	118	390	80
https://www.douyin.com/video/7356122284664343808	精于算计作茧自缚，最终难逃法网 找到背债人榨干价值后直接踢开#背债人 #贷款 #普法宣传 #上海房产 #今日说法	喵喵625	2024-04-10 14:31:55	59	604	283
https://www.douyin.com/video/7324193382924946724	多学知识 少上当 天下没有免费的午餐 你现在套进去的是你的未来#贷款 #揭秘 #背债人	河南大姚	2024-01-15 13:31:13	14	60	7
https://www.douyin.com/video/7332040066467974411	楼市动荡，“职业背债人”正在掏空银行，背后风险一触即发！ #职业背债人  #金融  #银行  #征信  #经济	保德全	2024-02-05 17:00:00	63	1620	613
https://www.douyin.com/video/7392981432659905827	#负债前行 曾经也是一个风光的公司老板，如今又要从头开始#只有经历过的人才会懂 #扎心现实 #情感共鸣	伟哥（负债前行）	2024-07-18 22:23:54	7728	31454	3256
https://www.douyin.com/video/7376641393592257792	一条视频告诉你什么是职业背债人，防止上当！#金融 #认知 #内容过于真实 #揭秘	嘉茵 广州金融	2024-06-04 21:36:13	163	1762	549
https://www.douyin.com/video/7356879611545816330	卷钱跑路！闭店产业链背后：#偏远地区老人与赌徒成职业背债人 每单能收3万元到5万元。#跑路 #职业闭店人	中新经纬	2024-04-12 15:30:25	1333	5470	1060
https://www.douyin.com/video/7300557936672214283	"警惕！你身边
比缅北更可怕的黑产业#行业揭秘 #背债人 #缅北"	乐姐餐饮笔记	2023-11-12 20:54:15	494	1419	250
https://www.douyin.com/video/7230649777887726883	背债人新骗局又来袭，一定要转发给身边人亲人，擦亮眼睛远离陷阱！#谨防上当受骗 #被骗记录 #全民反诈	没有尾巴的鱼	2023-05-08 11:34:13	3491	26978	15787
https://www.douyin.com/video/7346199324361084171	揭露行业真｜相比缅北诈马扁更可怕之职业背债人#银行#贷款#背债人#银行知识#苏州金融 贷款｜负债整合优化｜平网贷｜个人平网贷｜贷款融资｜企业融资｜房产抵押｜房产抵押贷｜个人贷款｜个人借贷｜银行贷款｜信用贷｜公积金贷款｜公积金信贷｜低息贷款｜贷款	苏州金融姐	2024-03-14 20:45:24	39	182	19
https://www.douyin.com/video/7325733718553922831	什么都不用干？就能挣几十万？#职业背债人	嘉露玩车	2024-01-19 17:08:32	296	7369	672
https://www.douyin.com/video/7338260388229745955	"企业孵化≠背债
#商业思维 #干货分享"	由東家👲闹钱十来年	2024-02-22 11:18:22	5	40	5
https://www.douyin.com/video/7324911144676740391	#揭秘 #职业背债人 一定要小心！	黄一米（优品）	2024-01-17 11:56:29	2975	26419	11252
https://www.douyin.com/video/7391765655164423464	山东省乐陵市，买车背后的秘密（新鲜的） #真实事件 #根据真实案例改编 #案件记录 #真实案件纪实 #我的观影报告	驴肉说案	2024-07-15 15:46:03	2493	11363	1981
https://www.douyin.com/video/7338260388229745955	"企业孵化≠背债
#商业思维 #干货分享"	由東家👲闹钱十来年	2024-02-22 11:18:22	5	40	5
https://www.douyin.com/video/7230649777887726883	背债人新骗局又来袭，一定要转发给身边人亲人，擦亮眼睛远离陷阱！#谨防上当受骗 #被骗记录 #全民反诈	没有尾巴的鱼	2023-05-08 11:34:13	3491	26978	15787
https://www.douyin.com/video/7388495153293462835	青岛出现了一个比缅北诈骗还恐怖的新型骗局#公积金贷款 #银行贷款 #个体工商户 #金融 #负债前行	青岛老伍话说	2024-07-06 20:14:52	154	4011	3018
https://www.douyin.com/video/7324911144676740391	#揭秘 #职业背债人 一定要小心！	黄一米（优品）	2024-01-17 11:56:29	2975	26419	11252
https://www.douyin.com/video/7395914313266957577	给别人一次机会，也给咱自己一次机会#负债前行 #银行贷款 #助贷小卡拉咪	明宇侃金融	2024-07-26 20:04:58	5	33	7
https://www.douyin.com/video/7356852029605629203	为什么你的款要不回来了？职业背债人你听说过吗？#职业背债人 #欠钱不还 #债务纠纷 #欠钱不还怎么办 #负债前行 @抖音小助手	北京杨律师	2024-04-12 13:43:26	34	382	50
https://www.douyin.com/video/7350616785646865699	未来的年轻人根本不用担心就业，和职业背债人	在下刀哥	2024-03-26 18:27:39	12	50	8
https://www.douyin.com/video/7396158319770996031	#工程骗局#负债前行 #贷款 #逾期 #金融常识	王经理金融逾期	2024-07-27 11:51:53	11	183	48
https://www.douyin.com/video/7337892118733671691	职业背债人骗局#职业背债人 #骗局揭秘 #负债#贷款 #阿贵南昌金融	贵哥江西派链助融	2024-02-21 11:29:17	2	8	0
url	title	author	publish_time	comment_count	digg_count	collect_count
https://www.douyin.com/video/7396202478875807014	负债平台太多，逾期还不上了怎么办？ #法律咨询 #负债 #逾期 #抖来学法 #律师	叶律师在广州（债权债务）	2024-07-27 14:43:20	83	674	116
https://www.douyin.com/video/7279313728351358260	#律师#职业背债人 #律师	oldarmydoctor	2023-09-16 14:55:14	8	108	8
https://www.douyin.com/video/7395862617174084876	房子俞期半年，行里上门收房！#逾期 #负债 #法拍	李大咨询	2024-07-26 16:44:22	57	784	286
https://www.douyin.com/video/7310094919211699508	帮人背债，酬劳百万？#背债人#诈骗#2023抖来普法#成都中院#熊猫法官 第七期	成都中院	2023-12-08 13:41:56	1276	3589	427
https://www.douyin.com/video/7326100717796723978	拍拍照就月入几十万？职业“背债人”套路一定要警惕！ #避坑指南	陈老师估车	2024-01-20 16:52:49	135	8171	606
https://www.douyin.com/video/7308886633091271987	@贵公子 职业背债人我讲了满意不？#一个敢说真话的房产人 #买房那些事 #老百姓关心的话题 #上抖音看好房	小兵说房-炫唐房产	2023-12-05 07:33:07	20	39	18
https://www.douyin.com/video/7327974790206147892	#职业背债人背后黑幕 #避坑防骗#做局手段#光头拆局#商业谋略	光头贝拆局	2024-01-25 18:04:56	400	7223	1642
https://www.douyin.com/video/7395766466399816979	小崔又又又更新催收方式，一定要了解，不然吃大亏！！ #逾期 #逾期协商 #负债 #负债前行 #催收	浩浩聊债务	2024-07-26 10:31:20	2	16	6
https://www.douyin.com/video/7395862617174084876	房子俞期半年，行里上门收房！#逾期 #负债 #法拍	李大咨询	2024-07-26 16:44:22	57	784	286
https://www.douyin.com/video/7308886633091271987	@贵公子 职业背债人我讲了满意不？#一个敢说真话的房产人 #买房那些事 #老百姓关心的话题 #上抖音看好房	小兵说房-炫唐房产	2023-12-05 07:33:07	20	39	18
https://www.douyin.com/video/7396453211139230995	#金融常识 #认知 #成都 #同城 #商业	四川钱钱姐	2024-07-28 06:56:20	46	170	27
https://www.douyin.com/video/7350891492635921701	刚传到徐州，远离楼市里的职业背债人#职业背债人 #徐州房产 #房产知识 #房哥李vc #一个敢说真话的房产人	创寓【房哥李vc】招团队	2024-03-27 12:13:27	453	4226	1504
https://www.douyin.com/video/7395937964234198322	这就是现实，这就是人性，你有没有亲朋好友，就看你有没有钱#只有经历过的人才会懂 #扎心现实#负债前行	努力的燕子	2024-07-26 21:36:43	75	263	16
https://www.douyin.com/video/7396642834822090003	负债人一定要知道的3个电话 #负债人 #金融常识 #老百姓关心的话题 #中山	中山金融老张	2024-07-28 19:12:29	0	10	5
https://www.douyin.com/video/7395867538371972386	束缚住负债人的手脚，结果只能是双输局面#负债前行 #走出低谷 #创业	@刘懂/轻创	2024-07-26 17:03:36	10	44	6
https://www.douyin.com/video/7338239896756309282	#职业背债人 你了解吗？聊聊…#同城优先推荐 #解决你的经济难题 #企业服务	重庆燕儿	2024-02-22 09:58:51	2	12	2
https://www.douyin.com/video/7396222214762188086	你有负债吗？你的负债可以当钱花吗？ #短剧 #我的负债是宝贝 #品帅首部短剧 #热门短剧推荐 	品帅有戏	2024-07-28 17:30:44	18	495	91
https://www.douyin.com/video/7358788516085566746	催收巨头湖南永雄，金盆洗手。催收行业还能不能干？#催收 #负债前行	涛哥金融圈	2024-04-17 18:57:54	14	292	86
https://www.douyin.com/video/7358788516085566746	催收巨头湖南永雄，金盆洗手。催收行业还能不能干？#催收 #负债前行	涛哥金融圈	2024-04-17 18:57:54	14	292	86
https://www.douyin.com/video/7340583024385477926	"为老公背负巨额债务，那么谁可以为你还呢？ 到底谁坑了你？
为老公背负巨额债务，那么谁可以为你还呢？
#人性  #认知  #家庭情感"	大齐人性智慧 邓伯深	2024-02-28 17:31:29	3	27	6
https://www.douyin.com/video/7367245483732913442	“职业闭店”中的一个关键环节，就是找到一个“背债人”成为企业法人，为企业的债务顶包，让真正的企业负责人得以携款跑路。这些“背债人”实质上就是信用状况良好的“白户”。	齐鲁晚报·果然视频	2024-05-10 13:55:21	3424	47040	9728
https://www.douyin.com/video/7352157752912907546	#鄂尔多斯 #热门网贷的套路，一定要避坑#贷款	东胜 金服咨询	2024-03-30 22:07:12	6	126	24
https://www.douyin.com/video/7301915022236617994	揭秘职业背债人黑幕，中招后很难翻身，什么都不做，却能一夜暴富#一个敢说真话的房产人 #现实社会 #主打的就是一个真实 #背债人 #黄老师说房	黄老师说房（泸州）	2023-11-16 12:39:47	353	5093	1671
https://www.douyin.com/video/7396216146241867020	及时止损才是上岸的第一步，当你撑不住的时候自己一个人扛，别把你的父母，亲戚，朋友拖下水，要不到头来，你不光失去钱，还失去亲戚朋友……#扎心现实#记录真实生活#只有经历过的才懂#熬过低谷#及时止损@DOU+小助手	英烨法律服务咨询有限公司	2024-07-27 15:36:20	33	203	22
https://www.douyin.com/video/7396222237835005203	你有负债吗？你的负债可以当钱花吗？ #短剧 #我的负债是宝贝 #品帅首部短剧 #热门短剧推荐 	品帅有戏	2024-07-28 17:30:45	13	474	92
https://www.douyin.com/video/7396550197154778383	挑战负债4000元城市生存 从8月1日开始，我要挑战城市生存，希望大家支持#挑战城市生存 #挑战 #城市生存 #求生 #负债	小安弟爱折腾	2024-07-28 13:12:37	0	1	0
https://www.douyin.com/video/7396222311872990527	你有负债吗？你的负债可以当钱花吗？ #短剧 #我的负债是宝贝 #品帅首部短剧 #热门短剧推荐 	品帅有戏	2024-07-28 17:30:50	1	10	2
https://www.douyin.com/video/7306344148498517260	套路深，你懂的如何分辨吗？#资产#轻资产创业 #投资 #不良资产处置	特殊资产管理-杨	2023-11-28 11:07:03	4	16	1
https://www.douyin.com/video/7306344148498517260	套路深，你懂的如何分辨吗？#资产#轻资产创业 #投资 #不良资产处置	特殊资产管理-杨	2023-11-28 11:07:03	4	16	1
https://www.douyin.com/video/7350251111447563532	职业关店人，也是职业背债人的另路手法！#段成 #金融 #揭秘骗局	段成 金融顾问	2024-03-25 18:48:25	1575	26353	5827
https://www.douyin.com/video/7320185687544876298	#背债人 #负债 什么是职业背债人	荆州金融王晨	2024-01-04 18:19:14	4	28	2
https://www.douyin.com/video/7299036338903371008	一个二货老板的日常生活#金融#助贷@二货老板信息咨询	二货老板的日常生活	2023-11-08 18:28:54	14	52	10
https://www.douyin.com/video/7395520582881676582	过期了，是没有办法完全停催的 #负债 #负债前行 #负债人的心声	梁老师说债务协商	2024-07-27 06:25:00	2	136	43
https://www.douyin.com/video/7290483581791604004	警惕枣庄新骗局，职业背债人。#山亭 #同城房产 #枣庄 #山亭房产 #银行贷款	山亭房产小李	2023-10-16 17:19:54	7	45	5
https://www.douyin.com/video/7347305549265931547	谨防高薪陷阱#背债人#高薪骗局#找工作	新新焦点	2024-03-17 20:18:08	243	8492	1230
https://www.douyin.com/video/7323874465274776847	比缅北诈骗还要恐怖的行业#职业背债人	暮之雪	2024-01-14 16:53:38	6389	46792	17486
https://www.douyin.com/video/7395822041854659891	快递小哥38天还清70万的方法，值得借鉴 快递小哥38天还清70万的方法，值得借鉴#创业 #商业思维	破点思维教育	2024-07-26 14:06:58	3	23	15
https://www.douyin.com/video/7331251155399413007	什么是“背债人”一次性讲清楚，谨防受骗。#负债 #还债 #贷款 #背债人	信房企顾问	2024-02-03 13:59:00	5	13	1
https://www.douyin.com/video/7329824336422898983	靠不要脸赚钱 揭秘“职业背债人”#失信人 #征信 #破产 #财经 #经济	马江博说趋势	2024-01-30 17:42:55	8	1291	151
https://www.douyin.com/video/7395925257908997386	谁能理解负债人的心酸，请多给我们一点时间吧#负债前行#只有经历过的人才会懂 #负债人的压力	不放弃的艳子	2024-07-26 20:47:36	313	2265	187
https://www.douyin.com/video/7328315270336941327	职业背债人 新骗局#背债人的生活 #银行贷款 #金融行业揭秘	加姐聊金融	2024-01-26 16:06:12	52	78	29
https://www.douyin.com/video/7396361970640801051	你有负债吗？你的负债可以当钱花吗？ #短剧 #我的负债是宝贝 #品帅首部短剧 	品帅有戏	2024-07-28 17:32:46	46	2553	206
https://www.douyin.com/video/7371354273646513460	你的身份证可能值一个亿#北京律师 #法律咨询 #职业背债人 #债务 #身份证	孙树明律师	2024-05-21 20:30:00	220	4947	1200
https://www.douyin.com/video/7395837038395755802	总负债突破3万亿！十四亿人竟供不起中国电力？怪员工福利太高？	今财社	2024-07-26 15:05:21	6	83	18
https://www.douyin.com/video/7396222239357652287	你有负债吗？你的负债可以当钱花吗？ #短剧 #我的负债是宝贝 #品帅首部短剧 #热门短剧推荐 	品帅有戏	2024-07-28 17:30:43	17	666	107
https://www.douyin.com/video/7371829712768765234	职业闭店人3个月到手500万 职业闭店人3个月到手500万#套路 #避坑指南 #骗局揭秘 #背债人	重庆法拍房代姐姐（招选房师）	2024-05-22 22:24:28	361	3258	889
https://www.douyin.com/video/7377328457950186761	利用小白当马仔，在培养，再出卖，标准化流程都可以sop化啦！#观点分享 #人生经验 #日常分享 #个人观点 #背债人	铲子哥；在魔都	2024-06-06 18:02:19	27	291	56
https://www.douyin.com/video/7396222383805271350	你有负债吗？你的负债可以当钱花吗？ #短剧 #我的负债是宝贝 #品帅首部短剧 #热门短剧推荐 	品帅有戏	2024-07-28 17:30:56	1	11	1
https://www.douyin.com/video/7346136721433562380	新型诈骗职业，背债人。在卖房子的房东一定要注意了，碰到不还价的，不一定是好事。#一个敢说真话的房产人 #2024房地产走势 #不得不听的置业建议 #上海买房 #三毛说房	上海栩嘉翼房地产顾问有限公司	2024-03-14 16:42:33	202	3099	1236
https://www.douyin.com/video/7303492935176228150	#石家庄#背债人 你们身边有这样的人吗？ 他们的生活是啥样的	冯少爷	2023-11-20 18:42:49	42	131	32
https://www.douyin.com/video/7395894559915412790	我明明都有拼命的赚钱，换来的却是320万的欠款，到底是哪个环节出了错#负债前行 #只有经历过的人才会懂 #扎心现实	阿辉不放弃	2024-07-26 18:48:22	65	244	41
https://www.douyin.com/video/7304101243314605347	醒醒吧兄弟们，千万别想着不劳而获，这个东西真背不得！#背债人 #汽车租赁公司 #汽车热心人 #抖音共创计划	真话厂厂长	2023-11-22 10:03:39	309	4108	359
https://www.douyin.com/video/7329107721813298483	#金融常识 #江西南昌 #经验分享 #背债人 #防坑指南	南昌金鑫企融宁财神2	2024-01-31 21:20:00	4	7	0
https://www.douyin.com/video/7330644154294258981	负债1600多万的老大哥，现在是什么状态#负债 #老板 #压力 #经济 #沈阳短视频运营	阿专儿爱发光	2024-02-01 22:43:56	17	71	10
https://www.douyin.com/video/7391792216710122787	山东乐陵：一次简单的挂牌，掀开资金上亿元的诈骗 #大案纪实 #真实事件 #案件故事 #大案纪实故事 #我的观影报告	驴三侦探日记	2024-07-15 17:29:05	75	1592	508
https://www.douyin.com/video/7327144864032787747	比缅北诈骗还可怕的新型骗术，职业背债人，正在我们身边潜伏。#职业背债人  @DOU+小助手	虚拟主播	2024-01-23 12:24:27	2	9	1
https://www.douyin.com/video/7394772450136935718	个人户包牌包税车又爆雷，这种车牵扯到套现灰产链，很容易产生问题，包牌车还是汽车公司户的比较稳妥	融创汽车	2024-07-23 18:14:02	1666	15684	2474
https://www.douyin.com/video/7297159851308797211	职业背债人～#说点大实话 #一个敢说真话的房产人 #内容过于真实不接受反驳	买房课代表z	2023-11-03 17:07:11	4	20	1
https://www.douyin.com/video/7359889420331257125	新型骗局来了 什么叫做#职业背债人 看完你就明白了，只要你担心你就废了#一个敢说真话的房产人 #说真话	云南忠哥说房	2024-04-20 18:09:58	89	999	342
https://www.douyin.com/video/7326532907550395674	#创业项目 #轻资产创业 #行业揭秘 #普通人创业 #职业背债人 这些人真的是毫无低线，你看完以后告诉身边人不要上当。	小彤创业社	2024-01-21 20:49:40	2	8	2
https://www.douyin.com/video/7284177338349210941	天上不会掉馅饼#天上掉馅饼地上有陷阱 #职业背债人应该引起重视 #防骗全民行	专哥很专业	2023-09-29 17:28:35	2	28	4
https://www.douyin.com/video/7297450058201484579	了解了解职业背债人#房产#职业被债人 #一个敢说真话的房产人 #抖音房产 #楼市	云湖里·老陈（销售）	2023-11-04 11:53:23	3	14	1
https://www.douyin.com/video/7288282954055437607	4块石头贷款8个亿？金融套利的手段罢了！ #贷款 #银行 #金融 #套利 #资本 #背债人	西湖队长	2023-10-10 19:00:00	1522	26370	5117
https://www.douyin.com/video/7396243396223946003	#济南 #同城发现 #热点 #老百姓关心的话题 #金融助贷	刘下聊两句	2024-07-27 17:22:06	3168	3112	89
https://www.douyin.com/video/7396222361827167507	你有负债吗？你的负债可以当钱花吗？ #短剧 #我的负债是宝贝 #品帅首部短剧 #热门短剧推荐 	品帅有戏	2024-07-28 17:30:54	0	8	1
https://www.douyin.com/video/7396167961419025705	投资学区房血亏400万，北京中产阶级变负债底层	杨小强来了	2024-07-27 12:29:27	345	1138	223
https://www.douyin.com/video/7338092909985598772	你知道什么叫“背债人”吗？ 比缅北还要恐怖的骗局#背债人 #北京房产 #回龙观 #房产知识 #贷款 @抖音创作者中心	蒋同学甄选京房	2024-02-22 18:05:00	2	13	2
https://www.douyin.com/video/7394746804153224463	负债逾期30万这5个动作我们一定要做#负债前行 #法律 #财经 #经济 #金融	龙卫星律师	2024-07-26 10:00:00	3	21	8
https://www.douyin.com/video/7396222434157923638	你有负债吗？你的负债可以当钱花吗？ #短剧 #我的负债是宝贝 #品帅首部短剧 #热门短剧推荐 	品帅有戏	2024-07-28 17:31:00	0	5	0
https://www.douyin.com/video/7395792724802227456	#负债前行 #负债上岸 #负债人的心声	灼见咨询	2024-07-26 18:15:00	22	126	15
https://www.douyin.com/video/7255270011411893563	催收上门可以，跟他讲清楚以上几点，你请他去都不会去#催收 #法律咨询 #逾期协商 #负债前行 #逾期	41911571779	2023-07-13 19:53:14	9	60	39
https://www.douyin.com/video/7396222374103846155	你有负债吗？你的负债可以当钱花吗？ #短剧 #我的负债是宝贝 #品帅首部短剧 #热门短剧推荐 	品帅有戏	2024-07-28 17:30:55	0	9	0
https://www.douyin.com/video/7357538360417668378	偏远地区老年人成职业背债人	齐鲁晚报·果然视频	2024-04-14 10:06:47	2406	25127	3409
https://www.douyin.com/video/7396250035861654795	因为守信，才导致你会失信#负债前行 #干货分享 #逾期 #宦老师	厚谦律所	2024-07-28 18:30:00	0	3	0
https://www.douyin.com/video/7352829131685448997	工友的真实案例，分享给大家 #中介 #假如人人都说真话 #工厂生活 #防骗 #正能量分享	明正人力培训基地	2024-04-01 17:32:38	14	56	9
https://www.douyin.com/video/7386030235331972403	于哥负债300万后影响了母亲的生活状态，前几天她说她要熬不住了 #负债前行 #负债百万的男人 #底层逆袭 #翻身上岸之路	于哥负债劫❤40岁无房无车未婚负350万	2024-06-30 04:51:32	2220	15289	2147
https://www.douyin.com/video/7220385372654554407	职业背债人#内容过于真实 #吐槽 #社会	爨个门子	2023-04-10 19:42:59	32	136	13
https://www.douyin.com/video/7386030235331972403	于哥负债300万后影响了母亲的生活状态，前几天她说她要熬不住了 #负债前行 #负债百万的男人 #底层逆袭 #翻身上岸之路	于哥负债劫❤40岁无房无车未婚负350万	2024-06-30 04:51:32	2220	15289	2147
https://www.douyin.com/video/7220385372654554407	职业背债人#内容过于真实 #吐槽 #社会	爨个门子	2023-04-10 19:42:59	32	136	13
https://www.douyin.com/video/7395026275468971279	毕业三年负债十几万如何上岸？#负债前行 #法律 #金融 #经济 #财经	龙卫星律师	2024-07-28 18:00:00	0	10	0
https://www.douyin.com/video/7396222279362891027	你有负债吗？你的负债可以当钱花吗？ #短剧 #我的负债是宝贝 #品帅首部短剧 #热门短剧推荐 	品帅有戏	2024-07-28 17:30:48	11	24	0
https://www.douyin.com/video/7361375262644194569	有钱人都不傻，特别有钱就签婚前协议，一般有钱就一起背债#情感 #恋爱 #脱单	淇淇教你谈恋爱	2024-04-24 18:15:58	2210	2819	392
https://www.douyin.com/video/7278295321728290085	背债人，花20万买你以后的前途，亏了还是赚了#背债人 #银行贷款 #营业执照 #财税 #开公司	唐生创业取经.	2023-09-13 21:03:50	5	18	0
https://www.douyin.com/video/7396272758335802661	逾期后三句话不要说！#负债前行 #创业者共勉 #经验分享	风云杨哥	2024-07-27 19:15:53	7	467	640
https://www.douyin.com/video/7331710451358731559	#上热门 职业背债人，又一新型骗局#金融常识 #银行贷款 #中小微企业 #负债前行	陕西金融蔡总	2024-02-04 19:41:42	5	29	4
https://www.douyin.com/video/7299703796651937024	背债的一定要注意了？？避坑#金融常识 #每天学习一点点	sky	2023-11-10 13:39:08	10	1057	32
https://www.douyin.com/video/7337322781379513652	#职业背债人 #助贷#贷款中介 #黑中介的噩梦	吃吃吃吃不下了	2024-02-19 22:39:59	6	26	2
https://www.douyin.com/video/7396205480995097907	比净身出户更可怕的是负债出户#西安律师 #法律咨询 #离婚律师 #婚姻	西安魏律师	2024-07-27 14:55:01	2	6	1
https://www.douyin.com/video/7346126238030908713	欠款3900万，背债人，下半辈子怎么办#金融常识 #负债前行 #武汉同城	武汉简经理	2024-03-14 16:01:56	6	9	0
https://www.douyin.com/video/7007126165282508073	兄弟，祝你早日归来#聊天记录截图##欠钱还钱	领客营销副总监《贵州达摩》	2021-09-13 03:08:34	134	991	19
https://www.douyin.com/video/7395917093771742474	有多少人身处负债希望这段话给你力量 有多少人身处负债希望这段话给你力量#负债 #负债前行 #智慧人生 #走出低谷	重庆法拍房代姐姐（招选房师）	2024-07-26 20:15:48	206	1621	170
https://www.douyin.com/video/7396218342815714598	现在为什么这么多人负债累累呢？#上海 #负债 #如何摆脱负债 #负债人如何翻身上岸 #银行贷款	新解金融服务	2024-07-27 15:44:47	17	147	28
https://www.douyin.com/video/7396222351966276905	你有负债吗？你的负债可以当钱花吗？ #短剧 #我的负债是宝贝 #品帅首部短剧 #热门短剧推荐 	品帅有戏	2024-07-28 17:30:52	0	9	2
https://www.douyin.com/video/7343494019902623030	#贵州兴义 #老百姓关心的话题 比缅北还恐怖 谨防上当受骗家人们#普及知识	兴义铭源河金服 -黄杨	2024-03-07 13:47:27	1	25	4
https://www.douyin.com/video/7304321969837640994	什么是真正的背债人？ 背债是违法的##知识前沿派对#金融知识分享 #说真话 #主打的就是一个真实	仙桃融帅寄卖行周星星（负债优化）	2023-11-23 07:50:00	9	29	4
https://www.douyin.com/video/7395884908054351115	上班族如果负债该怎么办? #上班族 #负债 #金融 #金融常识	北京金融小贤哥	2024-07-27 19:20:00	1	19	0
https://www.douyin.com/video/7396222169618976039	你有负债吗？你的负债可以当钱花吗？ #短剧 #我的负债是宝贝 #品帅首部短剧 #热门短剧推荐 	品帅有戏	2024-07-28 17:30:39	6	158	22
https://www.douyin.com/video/7304321969837640994	什么是真正的背债人？ 背债是违法的##知识前沿派对#金融知识分享 #说真话 #主打的就是一个真实	仙桃融帅寄卖行周星星（负债优化）	2023-11-23 07:50:00	9	29	4
https://www.douyin.com/video/7395876821142736180	父母以为我存款10万，亲戚朋友以为我月入过万，可是我却还负债……你们家人也会这样吗？#日常vlog #存款 #记录真实生活	小吴在努力	2024-07-26 17:39:34	64	149	12
https://www.douyin.com/video/7396222468395928871	你有负债吗？你的负债可以当钱花吗？ #短剧 #我的负债是宝贝 #品帅首部短剧 #热门短剧推荐 	品帅有戏	2024-07-28 17:31:02	1	13	2
https://www.douyin.com/video/7395923603906252072	你们觉得有钱的老板是怎么玩的？#负债前行 #干货分享 #借钱 #债务 #说真话	建湖县邱记水产商贸行	2024-07-26 20:41:07	1	6	2
https://www.douyin.com/video/7282737078159428901	职业背债人越来越多  #背债人  #房地产 	才叔	2023-09-25 20:19:36	213	2570	390
https://www.douyin.com/video/7396222323981962550	你有负债吗？你的负债可以当钱花吗？ #短剧 #我的负债是宝贝 #品帅首部短剧 #热门短剧推荐 	品帅有戏	2024-07-28 17:30:51	3	12	0
https://www.douyin.com/video/7396222197104168211	你有负债吗？你的负债可以当钱花吗？ #短剧 #我的负债是宝贝 #品帅首部短剧 #热门短剧推荐 	品帅有戏	2024-07-28 17:30:41	1	123	17
https://www.douyin.com/video/7349161552928427276	#别走捷径#脚踏实地#羡慕别人不如提升自己	武汉老范很懂“行”	2024-03-22 20:20:24	2	22	3
https://www.douyin.com/video/7331335225752030483	越买房越有钱💰#背债人#法律咨询 #每天学点法律知识	桃哥	2024-02-03 19:26:07	6	8	1
https://www.douyin.com/video/7351717635672886555	农商银行，负债人的最后一根稻草？#中小微企业 #负债 #银行贷款#昆山	金融届孙权（昆山）	2024-03-29 17:39:26	30	234	44
https://www.douyin.com/video/7395901666148584714	特斯拉带着我流浪还债，还是在拆东墙补西墙的还债，这几天在为还前妻信用卡跑说顺风车，昨天抖音短视频又发了600工资#负债 #负债人的心声 #负债前行 #顺风车 #负债跑顺风车 #特斯拉 #还债 #还债的日子谁能懂 #特斯拉跑顺风车 #一地鸡毛的周周 	一地鸡毛的周周	2024-07-26 19:16:15	174	793	41
https://www.douyin.com/video/7324989343443979572	#银行贷款 #金融常识 #宁德	宁德金石信息咨询有限公司	2024-01-17 17:00:00	2	38	6
https://www.douyin.com/video/7356915243873733940	“昨天搞活动，今天卷钱跑路！”闭店产业链背后：偏远地区老人成职业背债人。	《电商》杂志社	2024-04-12 17:49:05	1163	9870	1611
https://www.douyin.com/video/7396248520392543538	（第176集）负债人上岸难不难啊？ #轻资产创业 #说真话 @情怀奶奶	北京哈姐	2024-07-27 17:42:00	30	215	13
https://www.douyin.com/video/7330135493209869578	谨防黑中介，勿当背债人！#创作灵感 #背债人 #贷款 #说真话 #认知	邱小邱·魔都金融	2024-01-31 13:50:52	5	18	1
https://www.douyin.com/video/7396521090987592971	我们这一代人都在经历什么！#贵阳 #金融大师兄	金融💵大师兄	2024-07-28 11:19:37	10	85	12
https://www.douyin.com/video/7396155929844092172	修车大哥负债千万出来旅行 生活不易迫于无奈 一边旅行一边打零工 #汽车电工 #户外生活 #床车旅行	央美流浪哥	2024-07-27 11:42:41	439	2113	497
https://www.douyin.com/video/7291103498874244410	别再被骗了 求你们了 #银行贷款 #上海同城 #防骗	上海居间李书记	2023-10-18 09:25:33	13	100	20
https://www.douyin.com/video/7329755185574645026	#上热门 #扭开龙年好运 #贷款 #财经 #反诈 什么叫做职业背债人 每天分享贷款小知识	沪上财融精灵	2024-01-30 13:14:36	16	75	4
https://www.douyin.com/video/7368028780037688586	替人担保，结果对方是职业背债人。	律师老韩	2024-05-14 14:00:00	386	5116	375
https://www.douyin.com/video/7368028780037688586	替人担保，结果对方是职业背债人。	律师老韩	2024-05-14 14:00:00	386	5116	375
https://www.douyin.com/video/7395397941722090786	机会点，要刁钻才有戏 #直投 #创业 #孵化 #负债 #不良资产处置	玉珑法务	2024-07-28 11:31:00	0	12	1
https://www.douyin.com/video/7396301969029188874	接手股权之后 发现公司竟然负债上千万 #股权 #股权纠纷 #股权转让 #公司负债	潘律师_允安	2024-07-28 05:30:00	4	155	3
https://www.douyin.com/video/7355772730203049250	奇怪的赖账人，普通农民上海有房负债千万 朋友买房放在自己名下，因无知成为背债人#普法宣传 #背债人 #卖房 #买房 #中介	喵喵625	2024-04-09 15:55:14	159	2889	966
https://www.douyin.com/video/7303448813732236578	95后轻资产创业，挑战还清60万。#创业vlog #创业 #轻资产创业 #创业日记 #创业vlog真实经历	JIM（创业vlog）	2023-11-20 15:51:52	6	89	8
https://www.douyin.com/video/7396167727871790348	如果把八百万老赖团结在一起，能不能干一件惊天动地的大事业？ #负债 #老赖 #破产 #重头再来 #被执行人	咔姆有道	2024-07-27 12:28:28	108	195	9
https://www.douyin.com/video/7387358093019057460	破产跑路都已经产业化了？小心职业闭店人和职业背债人！#财经 #涨知识 #商业思维 #职业闭店人	郭摸鱼	2024-07-03 18:42:29	122	2815	519
https://www.douyin.com/video/7362065432477568292	老板顾客两手抓，警惕！ #徐不投 #商业 #职业背债人 #骗局揭秘	徐不投	2024-04-26 17:00:00	236	5749	652
https://www.douyin.com/video/7396450418517118208	水到绝境是风景，人到绝境是重生，只有活着才有希望，唯有努力奋斗才能早日上岸#逆风翻盘 #创业	崔小花	2024-07-28 06:45:43	249	948	90
https://www.douyin.com/video/7366160388175498511	深山老林不止有强盗，还有...... #不良资产 #干货分享 #一分钟干货教学 #职业背债人	抄底资产情报局·	2024-05-07 17:50:00	56	2193	919
https://www.douyin.com/video/7396321751879159059	曾经千万资产的80后，现工程公司倒闭，负债累累，硬生生的把自已活成了所有亲戚朋友的笑话#负债前行 #只有经历过的人才会懂 #工程人 #情感共鸣	努力的毫哥（晚上22.25分）	2024-07-27 22:26:04	93	543	50
https://www.douyin.com/video/7396281920889359666	火锅店“总经理”两周挑战50万！第一天从忐忑不安到热泪盈眶…#创业 #负债#失业#银川同城#工程人	千万负翁王占术	2024-07-27 19:51:32	220	702	27
https://www.douyin.com/video/7396162429685681435	负债俞期想自救，打这7个电话就够了！ #重庆郑律师 #关注负债 #逾期协商 #逾期怎么办 #负债人的心声 	郑雪娇律师	2024-07-27 23:30:00	2	17	24
https://www.douyin.com/video/7396262379614391606	刚开业直接负债#创业vlog #省饭课代表 #牛肉干 #真材实料才能做出好味道 #沈阳美食 @抖音小助手 @DOU+小助手	塞伦少爷	2024-07-27 18:35:39	17	28	6
https://www.douyin.com/video/7363214378373614900	#金融 #贷款  七旬的老人当法定代表人，都能批款，还有什么是不可能的？	秦浩	2024-04-29 17:12:39	1795	15765	959
https://www.douyin.com/video/7326410979485568271	#揭秘职业背债骗局	王叫兽说事	2024-01-21 12:56:39	5	6	3
https://www.douyin.com/video/7395524497496919346	真的拖越久，越不用还了吗？ #负债前行 #负债压力	普罗米修珠海律师事务所	2024-07-26 06:10:01	22	102	11
https://www.douyin.com/video/7379935545381653801	#dv短评  班还没上先背债！如何整顿“招转培”乱象？ #声量计划	DV现场	2024-06-13 18:39:10	1627	9100	1464
https://www.douyin.com/video/7379935545381653801	#dv短评  班还没上先背债！如何整顿“招转培”乱象？ #声量计划	DV现场	2024-06-13 18:39:10	1627	9100	1464
https://www.douyin.com/video/7395886500589636879	负债百万靠10元街头快剪坚持还债？看看他是怎么做的	网商银行	2024-07-26 18:17:08	5	438	56
https://www.douyin.com/video/7317846841637293331	“职业背债人”你知道吗？#银行贷款 #金融常识 #金融 #干货	达普_金融D款	2023-12-29 11:03:31	3	10	2
https://www.douyin.com/video/7286371541221133587	比缅甸诈骗更恐怖的职业，避坑避坑#背债人 #诈骗 #买房	光谷黎黎说房	2023-10-05 15:23:10	17	32	4
https://www.douyin.com/video/7395596578901314866	负债后很难翻身上岸，给大家讲讲我这几年的心路历程。#负债前行 #创业路上的我们 #解决问题	燕子的重生日记	2024-07-25 23:31:59	18	157	25
https://www.douyin.com/video/7297202698477161740	房东卖房被骗了500万。这个事件更加要让我们引起重视。大家一定要了解正规流程，还有什么叫职业背债人#买房 #重庆房产 #二手房避坑	小郑说房(直播号)	2023-11-03 19:53:32	1261	7972	1992
https://www.douyin.com/video/7303083377186458899	#一个敢说真话的房产人 #抖音房产 #沈阳同城 #lovg日常 职业背债人	沈阳旭哥房游记	2023-11-19 16:13:37	3	15	2
https://www.douyin.com/video/7396295328258936083	如果聚集八百万负债被执行人，能不能再干一个阿里巴巴？ #负债 #破产 #被执行人 #老赖 #东山再起	咔姆有道	2024-07-27 20:43:30	63	1618	15
https://www.douyin.com/video/7251149682246765876	背债人在义乌0首付买房你们遇到过吗#一个敢说真话的地产人 #谨防烂尾楼盘停供风险扩散 #自律的顶端就是享受孤独 #假如人人都说真话 #一分钟干货教学	唐白羊探房	2023-07-02 17:24:17	6	22	1
https://www.douyin.com/video/7251149682246765876	背债人在义乌0首付买房你们遇到过吗#一个敢说真话的地产人 #谨防烂尾楼盘停供风险扩散 #自律的顶端就是享受孤独 #假如人人都说真话 #一分钟干货教学	唐白羊探房	2023-07-02 17:24:17	6	22	1
https://www.douyin.com/video/7396306142349036854	特斯拉带着我还债流浪，今天还了前妻信用卡，还欠2000，粉丝老哥们给了我200多，花30aa吃个挂壁火锅，前妻的一句话又让我破防了#还债 #负债 #负债人的心声 #负债前行 #顺风车 #负债跑顺风车 #特斯拉 #特斯拉跑顺风车 #流浪 #一地鸡毛的周周 	一地鸡毛的周周	2024-07-27 21:25:41	146	525	29
https://www.douyin.com/video/7381782280156581155	未上班，先背债，一定要小心“招转培”骗局！ #招转培	郑达	2024-06-18 18:05:41	157	4604	1153
https://www.douyin.com/video/7358329030682168630	职业闭店人太猖狂了，专门为老板制定跑路计划 #职业背债人 #职业闭店人 #挂名法人	济南信立通财税	2024-04-16 13:14:59	2	12	1
https://www.douyin.com/video/7396533720171203892	公司破产，身边的人又这样对我 #负债前行	凌晨两点半！！	2024-07-28 12:09:07	215	4687	1302
https://www.douyin.com/video/7351606781358918922	#金融 #银行 #背债人	麟皓讲金融	2024-03-29 10:29:10	1	6	1
https://www.douyin.com/video/7396245417488371007	低谷期的负债人#从头再来上海搬砖记##熬过了就好了	时光油条	2024-07-27 17:29:53	76	367	17
https://www.douyin.com/video/7330569926798921010	直面负债吧，以贷养贷2年半，负债从25万变成50万#负债前行 #迎接龙年的到来 	厂神飘哥	2024-02-01 17:55:38	23	148	41
https://www.douyin.com/video/7395022590248504616	贷款逾期不想被起诉，怎么解决？#负债前行 #法律 #经济 #金融 #财经	龙卫星律师	2024-07-28 10:00:01	2	13	4
https://www.douyin.com/video/7309696809549483303	大学生必看！！等被骗了就晚了！！#女大学生 #骗局 #背债人 #不良资产 #财经	老段玩不良	2023-12-07 11:57:28	9	14	3
https://www.douyin.com/video/7396273819167608091	#普通人创业 #赚钱思维 #轻资产创业 #小本创业好项目 #穷人翻身	商业智慧栗子818	2024-07-27 19:20:11	31	53	11
https://www.douyin.com/video/7396322215496617225	一个永远不对生活认输的大叔在路上的故事 #负债 #创业 #加油每一天 #走出低谷 #熬过了就好了	大佬阿辉	2024-07-27 22:27:52	170	575	31
https://www.douyin.com/video/7318726996043812148	给你100万，你敢要吗？#替死鬼#踩坑#信誉#贷款#社会百态	鼎泰服装大飞	2023-12-31 19:59:10	13	68	11
https://www.douyin.com/video/7223239770640502076	#金融常识 #房产金融 #关注我每天坚持分享知识 #干货分享	易思晨	2023-04-18 12:19:32	13	96	12
https://www.douyin.com/video/7354329788179287359	"#深圳同城 #房产代持#职业背债人应该引起重视 #骗局揭秘 
普及这个事情还是太小了，原来有这么多朋友都因为这个事情被骗
我哥也去公安局立案，公安不予立案"	代持买房=职业背债人	2024-04-05 18:35:46	1	1	2
https://www.douyin.com/video/7351277751145450779	负债1亿，漫漫翻身路#负债#负债逆袭#负债前行#负债前行的80后	负债一亿的老负	2024-03-28 13:12:18	3354	13976	1956
https://www.douyin.com/video/7396222141303180607	你有负债吗？你的负债可以当钱花吗？ #短剧 #我的负债是宝贝 #品帅首部短剧 #热门短剧推荐 	品帅有戏	2024-07-28 17:30:37	21	965	152
https://www.douyin.com/video/7395888501444627731	两大套路上门起诉#抖来普法2024 #法律常识	郑老师（靠谱）	2024-07-26 18:24:52	11	179	69
https://www.douyin.com/video/7231550519842508087	女人老公赌钱欠了20多万，媳妇刷卡帮老公把钱还上了，倒了3年卡，分期利息，临时额度利息，最低还款利息，倒卡手续费，加起来用了10多万，帮你上岸吧。#负债前行	拉你上岸～泽	2023-05-10 21:49:26	7	40	4
https://www.douyin.com/video/7396283422609558847	让普通人负债翻身的三个方法！#美业  # 商业思维 # 创业 # 干货分享  # 翻身	小肥肥说美业（8🈷️7西安有课）	2024-07-27 19:57:34	1	9	1
https://www.douyin.com/video/7327603077043817738	什么是“新型的背债人”？#金融知识 #干货分享 #背债人 #新型背债人	深圳小蓝	2024-01-24 18:03:02	4	5	0
https://www.douyin.com/video/7251149682246765876	背债人在义乌0首付买房你们遇到过吗#一个敢说真话的地产人 #谨防烂尾楼盘停供风险扩散 #自律的顶端就是享受孤独 #假如人人都说真话 #一分钟干货教学	唐白羊探房	2023-07-02 17:24:17	6	22	1
https://www.douyin.com/video/7395870630303894838	80后小姐姐创业失败后负债百万，患重度抑郁，一人一车骑行西藏自渡自愈#记录真实生活#创业  #抑郁症患者#户外#骑行	柒柒姐（户外）	2024-07-26 17:15:29	23	31	0
https://www.douyin.com/video/7396533720171203892	公司破产，身边的人又这样对我 #负债前行	凌晨两点半！！	2024-07-28 12:09:07	215	4687	1302
https://www.douyin.com/video/7245290072122166531	职业背债人#抖音房产 #同城发现 #房产 #主打的就是一个真实	济南房产韩姐	2023-06-16 22:25:56	51	65	3
https://www.douyin.com/video/7396283422609558847	让普通人负债翻身的三个方法！#美业  # 商业思维 # 创业 # 干货分享  # 翻身	小肥肥说美业（8🈷️7西安有课）	2024-07-27 19:57:34	1	9	1
https://www.douyin.com/video/7309696809549483303	大学生必看！！等被骗了就晚了！！#女大学生 #骗局 #背债人 #不良资产 #财经	老段玩不良	2023-12-07 11:57:28	9	14	3
https://www.douyin.com/video/7368377302549286170	19岁小伙替女朋友贷款购车，差点负债几十万！#二手车 #买车那点事儿 #二手车贩子的日常	刘哥汽车事	2024-05-13 17:00:01	139	1869	280
https://www.douyin.com/video/7395876455621627190	如果你觉得你生活困难，你就进来看看我的生活吧！有钱莫忘无钱日，落难何曾见几人！#负债前行 #负债人如何翻身上岸 #低谷期一定要默默的熬过去 #成年人的崩溃 #负债人	@老余有点愚（翻身记）	2024-07-26 17:38:09	125	447	50
https://www.douyin.com/video/7325811140670410023	#揭秘比缅北电诈更恐怖的骗局  嫌疑人伪造银行流水、购房合同，骗取贷款非法牟利10万元！ #缅北  #新型骗局  #职业背债人  （来源：新法治报）	新法治报	2024-01-20 08:03:00	2113	21501	2572
https://www.douyin.com/video/7395878422183988516	为什么说负债越多的人越有能力？ #创业#思维格局 #创业女人 #负责不可怕 #野心	家政薇姐 乐游	2024-07-26 17:45:42	17	146	26
https://www.douyin.com/video/7396282925118934308	分享当初我是如何负债干万，到现在的工厂女老板 #女性成长  #女性智慧  #负债 #林莉	林莉	2024-07-28 07:00:00	8	71	15
https://www.douyin.com/video/7395895219314494735	千万不要再往外面借一分钱了#负债前行 #扎心现实 #只有经历过的人才会懂 #不认命就拼命 #从头再来	阿彬加油	2024-07-26 18:50:50	347	4611	944
https://www.douyin.com/video/7316874403164294463	负债三十，如何快速上岸？#负债前行 #负债人加油 #还债	道一视野	2023-12-26 20:10:06	82	261	58
https://www.douyin.com/video/7309424179504237859	石家庄新骗局？职业背债人。#职业背债人 #石家庄 #新骗局又来了大家注意防范	石家庄房小哥说房	2023-12-06 18:19:06	374	8313	4559
https://www.douyin.com/video/7343053656289234186	赚钱快风险也高，擦亮眼睛，不要上当受骗！#负债前行 #个体工商户 #中小微企业	海莉之声	2024-03-06 09:18:48	3	9	0
https://www.douyin.com/video/7319852728086236467	醒醒吧，背债人！#背债人 #金融常识 #贷款	南宁金融巨饿@亮仔	2024-01-03 20:47:12	4	9	2
https://www.douyin.com/video/7335079688668335400	"很多人不理解
为前夫背下24万负债，还独自抚养#婚姻 #负债 #记录真实生活 两个孩子，到底是怎样的原因？#单亲妈妈 #为母则刚"	小惠在努力	2024-02-13 21:35:58	5	71	2
https://www.douyin.com/video/7308730653544058151	为什么有人愿意做背债人？#资产配置 #中小微企业 #不良资产处置 #企业服务	杨小主企业管理	2023-12-04 21:27:48	9	25	3
https://www.douyin.com/video/7245290072122166531	职业背债人#抖音房产 #同城发现 #房产 #主打的就是一个真实	济南房产韩姐	2023-06-16 22:25:56	51	65	3
https://www.douyin.com/video/7321291103506844937	老板是个“高危”行业#企业 #财经 #股权#背债人	许昌-有财企业规划	2024-01-07 17:48:49	2	14	5
https://www.douyin.com/video/7396242860904959266	"#逾期 逾期被曝通讯录了，怕被家里人知道怎么办？只需记住这三点。
#负债 #欠钱不还 #法律咨询 #贷款"	盛灏法律咨询	2024-07-27 17:19:59	5	9	9
https://www.douyin.com/video/7331937150033808659	你知道职业背债人吗？#同城优先 #老百姓关心的话题 #贷款 #金融小知识 #有房产证可以贷款吗 @爱的奉献🎄 @烟台小梁说房	烟台小梁说房	2024-02-05 10:22:02	2	9	0
https://www.douyin.com/video/7394757680742681871	逾期协商，找第三方靠谱不？#负债前行 #法律 #金融 #经济 #财经	龙卫星律师	2024-07-26 06:00:00	2	15	5
https://www.douyin.com/video/7396243653871635763	负债者如何翻身摆脱困境？ #轻资产创业 #自媒体创业 #女性智慧 #观点分享 #杭州直播有多卷	闪耀金柒	2024-07-27 17:23:00	1	4	0
https://www.douyin.com/video/7339848429302058303	女友被“高薪”工作冲昏头脑，被忽悠成“背债人”都不自知 遇到类似情况需警惕！#防坑	阿运说	2024-02-26 18:01:12	2064	26304	9130
https://www.douyin.com/video/7354318584383917321	负债之后，被各种折磨，是不是都在经历着。#负债前行 #正能量 #情感	冷公子靠自己	2024-04-05 17:52:19	8	39	3
https://www.douyin.com/video/7268643991095151930	未经允许，私自上门讨债，这笔账我记下了#负债前行	平姐【倪师中医自学中】	2023-08-18 20:51:03	751	396	36
https://www.douyin.com/video/7280878488188390668	被这个画面感染了，女人抱着孩子跪求男人别再借高利贷了#远离高利贷 #负债前行 #如何摆脱负债 #监控下的一幕	融普法务（小康帮忙）	2023-09-20 20:07:12	29	893	21
https://www.douyin.com/video/7268643991095151930	未经允许，私自上门讨债，这笔账我记下了#负债前行	平姐【倪师中医自学中】	2023-08-18 20:51:03	751	396	36
https://www.douyin.com/video/7280878488188390668	被这个画面感染了，女人抱着孩子跪求男人别再借高利贷了#远离高利贷 #负债前行 #如何摆脱负债 #监控下的一幕	融普法务（小康帮忙）	2023-09-20 20:07:12	29	893	21
https://www.douyin.com/video/7288305424669969716	一名网约车司机为了拿500万，选择了背债。#网约车司机 #网约车 #背债 #白户贷款 #干货分享	₅₂₀💞࿐何其嚣张💕 ❧⁵²⁰	2023-10-10 20:27:30	0	8	2
https://www.douyin.com/video/7337278763635412233	我以我负债二百七十万的翻身经历告诉你一个秘密，祝你们运气越来越好#负债前行 #只有经历过的人才会懂 #难熬的日子终会过去	祥云哥 逆风翻盘	2024-02-19 19:49:07	39	133	8
https://www.douyin.com/video/7180701363926486283	儿子负债280万，夫亲明明有钱帮儿子，可他却一分都不帮#聊天记录 #家庭 #家庭百态 @DOU+小助手 	墨非情感故事	2022-12-24 21:08:50	136	2058	1082
https://www.douyin.com/video/7301614706400316691	#金融常识 #银行贷款 客户让我给钱给房？#职业背债人 #庆阳同城	甘肃聚宝盆信息科技有限公司	2023-11-15 17:14:32	5	15	2
https://www.douyin.com/video/7332683089237298466	28岁职业“背债人” 三个月赚2万 代价是一辈子“老赖 ”#法律咨询 #职业背债人 #法律 #老赖	小叶说案	2024-02-07 10:36:31	3	24	1
https://www.douyin.com/video/7314687920596733193	比缅北还狠的骗局出现在通辽，职业背债人#一个敢说真话的房产人	通辽淑萍说房（小号）@	2023-12-20 22:45:55	10	60	10
https://www.douyin.com/video/7278669524558236962	"跟家人们分享下房地产圈内的怪象-#职业背债人 #房产市场 真的离爆L不远了吧 这种现象说明了些啥 #内地房地产 #金融业 #银行
希望有早一点的防御机制出现吧"	车厘子咨询服务社	2023-09-14 21:15:19	3	8	0
https://www.douyin.com/video/7343904899270233370	我负债20多万，我不还了，所有后果自已一人承担#负债前行 #低谷期一定要默默的熬过去 #低谷期一定要默默的熬过去 #穷人翻身靠什么 #成年人的生活没有容易二字	小孟砥砺前行	2024-03-08 16:21:59	20	71	10
https://www.douyin.com/video/7361404183729278244	这些令人胆战心惊《闭店局》，在你身边发生过吗？ #背债人  #剧情 #拍出电影感 #商业 #诈骗防范	八爷	2024-04-24 20:08:09	830	8936	940
https://www.douyin.com/video/7395653756437712182	#赢家小宇说 #观点分享 #负债人如何翻身上岸	宇哥创业圈（领资料进群，除了此账号都是骗	2024-07-26 03:14:00	128	208	91
https://www.douyin.com/video/7351182931102158117	预付费制商家为何能频繁跑路，职业闭店人暗箱操作帮脱身。普通老百姓又该如何维权？#职业闭店人 #职业背债人 #跑路 #商业 #财经	蛋解创业	2024-03-28 07:05:08	456	10999	1167
https://www.douyin.com/video/7396318958770507046	你的第一笔负债是什么时候开始的？#北京 #北京同城 #北京贷款 #银行贷款 #贷款	老曾聊金融(北京)	2024-07-27 22:15:16	0	6	3
https://www.douyin.com/video/7396618566428069129	（第177集）以轻松的方式对付催哥催嫂 #该出手了 #思维模式 #相处之道	北京哈姐	2024-07-28 17:37:52	51	244	45
https://www.douyin.com/video/7327299603353734441	95后夫妻被骗负债后在小县城打工还债vlog，想那么多又有什么用呢，只管努力过好当下就行#记录真实生活 #普通人的一天 #记录破产生活 #在平凡日子里热爱生活	胖了个丁	2024-01-23 22:25:24	6	61	2
https://www.douyin.com/video/7173587967162830114	我是负债380万的郭郭，现实面前只有父母愿意帮我，因为负债看清了世间冷暖，车到山前必有路，我相信我一定可以站起来#负债前行 #记录真实生活#成年人的崩溃 #只有经历过的人才会懂 	郭郭砥砺前行	2022-12-05 17:05:11	180	599	21
https://www.douyin.com/video/7395930193480682815	人在低谷最怕失去走向成功的勇气，只要不放弃，人生依旧辉煌，曾经可以，如今的我依旧可以 一起加油💪#负债前行 #只有经历过的人才会懂 #相信相信的力量	燕儿负债经历	2024-07-26 21:06:34	146	586	50
https://www.douyin.com/video/6903079247728905475	月入2w，却背负着60w的外债，成年人的世界从来没有“容易”两个字#成年人的崩溃 #我要上热门	李芊逸🖤	2020-12-06 17:53:19	27	256	5
https://www.douyin.com/video/7396290283094281491	全民负债的日子，你们过的怎么样#只有经历过的人才会懂 #负债前行 #记录真实生活 #生活感悟 #心酸又无助也要坚强起来	文姐在路上	2024-07-27 20:24:03	23	129	14
https://www.douyin.com/video/7395875359989714176	催收说再不还钱，就联系家属和单位怎么办？ #负债前行 #负债人 #走出低谷 #负债人的心声 #负债人加油	协商法律咨询事务所	2024-07-26 17:33:50	106	1709	302
https://www.douyin.com/video/7313171496904576267	#干货分享 #银行助贷 #金融常识 #财经 #科普	久弘鑫淼	2023-12-17 06:00:00	5	3	0
https://www.douyin.com/video/7345523958982167835	"41岁负债145万，今天催收上门了
一群人围着我看#负债前行 #低谷期一定要默默的熬过去 #只有经历过的人才会懂"	盛星汇龙哥-砥砺前行	2024-03-13 01:05:11	91	872	166
https://www.douyin.com/video/7301678805507230976	今天聊点干货，负债人如何自救？@没品位 @公共网络运维方	杨雅淇	2023-11-15 21:23:07	16	66	5
https://www.douyin.com/video/7200914893824855334	51岁，负债380万#负债前行 #亲情#负债人的心声 #负债人加油	东北红姐爱生活	2023-02-17 08:27:46	149	1023	107
https://www.douyin.com/video/7299384612906667264	又一新骗局！！“职业背债人”#抖来普法2023	马俊哲律师	2023-11-09 17:00:29	118	65887	21891
https://www.douyin.com/video/7223243487381146919	天上没有白掉下来的馅饼，要考虑背后的#背债  风险，#希望能帮到有需要的人 #金融常识 #避坑指南 #南宁同城	老青说金融	2023-04-18 12:34:00	4	28	7
https://www.douyin.com/video/7176508482617625913	你当初带着孩子一个人负债几十万的时候，都是怎么扛过来的#美业老板 #女性创业 #女性正能量励志	YOUMAN优漫美甲美睫	2022-12-13 13:58:17	41	77	4
https://www.douyin.com/video/7328355053792726282	#欠债 #银行贷款 #普及知识 ，欠债还钱天经地义，但是不会坐牢。	大华 东莞金融	2024-01-26 18:40:38	5	76	44
https://www.douyin.com/video/7014325521253272866	如果你觉得生活很难，那看看老张：50多岁了，负债几千w,每天要面对债主上门问债，还要想着怎么翻身。#负债前行 	见证老张翻盘	2021-10-02 12:45:27	120	325	3
https://www.douyin.com/video/7395804472234052879	#因为一个片段看了整部剧 #火爆短剧来袭好看又上头的短剧 #百亿好剧好看计划 #关注我一起追剧 #超好看的剧强烈推荐	灵感 蒙.	2024-07-26 12:58:48	209	11862	6509
https://www.douyin.com/video/7395640470803582260	我就是一个负债的黑户，屏幕前的你们是负债的吗？#负债前行	五毒俱全 嗜赌如命兼 好吃懒做，	2024-07-26 02:22:25	25	201	36
https://www.douyin.com/video/7182506899001167143	3个月负债20万，创业之路碰上疫情有多难#创业 #负债 #负债前行 #低谷期 #逆袭	小负婆的一天	2022-12-29 17:55:13	59	382	11
https://www.douyin.com/video/7225433085477768482	这种骗局千万不要信！！#社会百态 #同城发现 #社会热点 #骗局揭秘 #防诈骗	华爱通居间服务-王经理	2023-04-24 10:10:45	49	59	24
https://www.douyin.com/video/7332685396603653427	职业背债人：现象背后的法制缺失与人性沉沦#职业背债人 #法治 #人性 #社会百态 #道德底线	王传说	2024-02-07 10:45:34	1	6	0
https://www.douyin.com/video/7312373122877902107	负债一百万，跑顺风车还债，今后我就跟我的小迪一起努力，一起加油💪💪。欠债不可怕，可怕的是欠债不还，丢了人品。#顺丰车 #比亚迪 #负债前行 #正能量	比亚迪汉ev	2023-12-14 17:02:53	12	23	3
https://www.douyin.com/video/7300187954243259698	"""背债人""这个职业你听过吗？#背债人 #避坑 #正能量"	老韩论道	2023-11-11 20:58:11	2	1010	0
https://www.douyin.com/video/7319365265035201832	背债狂想曲大揭秘#背债人骗局#周转王#长沙贷款中介#银行贷款#湖南贷款	周转王•指导圆	2024-01-02 13:15:50	1	23	2
https://www.douyin.com/video/7358733633743572265	#银行贷款 #负债 #认知	阳哥讲金融	2024-04-17 15:25:03	20	41	17
https://www.douyin.com/video/7342130928526937353	#不良资产处置 #特殊资产 #债务 #背债#法拍资产 @郜铖讲股权 @张师兄特殊资产（3.9沈阳线下课）	李生资产价值136	2024-03-03 21:37:56	4	10	1
https://www.douyin.com/video/7299020762663488794	职业背债人啥也不用做，三个月轻松到手500万#佛山买房 #佛山 #佛山楼市 #佛山房产 #佛山法拍房	深圳法拍房朱姐	2023-11-08 17:28:30	6	8	1
https://www.douyin.com/video/7267470304333663523	"你可能不知不觉就成了背债人
#金融常识 #干货分享 #借钱 #同城热门"	宁波闪到老6	2023-08-15 16:57:01	16	27	3
https://www.douyin.com/video/7396247570340760872	#内容过于真实 #万万没想到 公司破产了，一堆外债，老婆居然……	飞哥   江湖	2024-07-27 17:38:13	79	2003	565
https://www.douyin.com/video/7321931100677279028	要债没要成反背债，玩个真人秀却被破上演真特工 #潘斌龙黄梦莹上演史密斯夫妇 #电影冒牌特工	念念影视	2024-01-09 11:12:24	321	65057	3161
https://www.douyin.com/video/7321931100677279028	要债没要成反背债，玩个真人秀却被破上演真特工 #潘斌龙黄梦莹上演史密斯夫妇 #电影冒牌特工	念念影视	2024-01-09 11:12:24	321	65057	3161
https://www.douyin.com/video/7324221743185268005	新骗局#金融 #职业背债人 年底了希望大家不要被骗了	竹夭joyjob	2024-01-15 15:21:19	3	40	2
https://www.douyin.com/video/7327306423753395506	#一个敢说真话的房产人 #老百姓关心的话题 #南沙 #广州房产 #广州职业背债人	南沙冯同学说房	2024-01-23 22:51:29	2	18	3
https://www.douyin.com/video/7206696511822925093	毕业不到两年，没有不良嗜好欠款十几万。人生的至暗时刻也不过如此把？#毕业生现状 #大学生就业 #当代年轻人现状 #社会百态真实故事	崔小胖	2023-03-04 22:23:15	20582	77726	6948
https://www.douyin.com/video/7282707441416965437	千万不要再赌了，赢钱一时，背债一生，人生没有如果，加油！#仁知酱 #文案 #扎心 #现实 #社会百态	婷婷呐🐰	2023-09-25 18:24:27	66	896	50
https://www.douyin.com/video/7350613603436776756	负债人想翻身赚钱，先动脑子思考如何干#负债前行 #赚钱思维 #干货分享 #艾玲姐聊法拍	小艾聊法拍	2024-03-26 18:15:07	6	108	40
https://www.douyin.com/video/7202092768271813946	如何从事业有成的老板，负债720万呢？#负债前行 #关注负债者 #生活不会辜负每一个努力的人 @抖音小助手 @DOU+小助手	@广哥	2023-02-20 12:38:23	122	148	13
https://www.douyin.com/video/7395022088618183951	小卡逾期，东拆西补，利息将近30万，到底怎么办？#负债前行 #法律 #经济 #金融 #财经	龙卫星律师	2024-07-28 10:00:00	0	12	0
https://www.douyin.com/video/7294961887320608035	我被职业诈骗犯骗了1500万，起诉了他，他仗着保护伞，还能大摇大摆行骗。#合同诈骗 #关系户 #行贿 #贿赂 #正义的咆哮	阿乐被骗1500万	2023-10-28 18:57:57	57	1012	22
https://www.douyin.com/video/7089283663807909158	莫名其妙的就欠下了1万负债 #这是一个悲伤的故事 #内容过于真实 #聊天记录 #惊不惊喜意不意外	Z．	2022-04-22 12:41:20	39	124	3
https://www.douyin.com/video/7287011828004064523	#警惕背债人诈骗	海燕警务天网	2023-10-07 08:47:55	1	1	0
https://www.douyin.com/video/7345454526524149028	债务优化#金融常识 #银行贷款 #负债 #合肥金融权经理	合肥金融权经理	2024-03-12 20:35:15	1	26	3
https://www.douyin.com/video/7352222215955352866	70后的我负债280万，今天终下想明白#负债前行 #负债人的心声 #负债 #负债压力 #负债翻身	红姐一砥砺前行	2024-03-31 02:18:21	192	757	72
https://www.douyin.com/video/7396222360455515428	你有负债吗？你的负债可以当钱花吗？ #短剧 #我的负债是宝贝 #品帅首部短剧 #热门短剧推荐 	品帅有戏	2024-07-28 17:30:53	2	10	2
https://www.douyin.com/video/7310165634594229531	这辈子一定要有一个负债的朋友！#知识科普 #创业之路#认知#负债前行#商业思维	潮汕阿强（金融服务）	2023-12-08 18:16:24	45	66	5
https://www.douyin.com/video/7329149657248959798	别让大学生更艰难！ #记录真实生活 #律师 #抖来普法2024 #背债人 #vlog十亿流量扶持计划	戴总请回答	2024-01-28 22:04:43	266	4782	240
https://www.douyin.com/video/7395854652505345306	负债逾期冷知识【快问快答】第81期 #负债 #债务 #债务纠纷 #法律咨询	宁乡杨赞律师	2024-07-26 18:15:00	35	775	275
https://www.douyin.com/video/7389473695674289417	第二集 | 背债千万 答应还钱后消失 女欠债人12年后到案 手插口袋毫无悔意 #大案纪实 #出警时刻 #普法宣传 #纪录片解说	彩色与法	2024-07-09 11:32:09	59	1580	444
https://www.douyin.com/video/7396259008086084873	#创作灵感 房产抵押流程和知识分享！#负债前行 #负债人如何翻身上岸 #金融常识 #金融	陈经理金融服务（说真话，讲事实）	2024-07-27 18:22:35	1	15	1
https://www.douyin.com/video/7323438279758466323	背债人不是你想做就能做！#西安同城 #银行贷款 #背债人 #负债人 #银行	西安凯科居间咨询	2024-01-13 12:41:01	0	6	0
https://www.douyin.com/video/7257846804375538963	#金融 #银行贷款 #干货分享 #背债 #融资	太原阿飞讲金融	2023-07-20 18:32:33	3	13	2
https://www.douyin.com/video/7315362763541466419	#泉州负债人 #石狮 #背债人 #晋江 #惠安房产	泉州居间小林	2023-12-22 18:24:19	6	25	2
https://www.douyin.com/video/7396240096539741476	负债，不是一个美好的话题。 #工厂实拍视频 #老板让我每天拍个抖音 #专业生产厂家 #全屋定制工厂 #负债	云从朵花家居有限公司	2024-07-27 17:09:12	40	128	0
https://www.douyin.com/video/7323841423088913673	奶爸中介讲负债#负债 #银行贷款 #债务重组 #贷款中介 #负债前行	奶爸宇哥（在魔都）	2024-01-14 14:45:27	12	108	2
https://www.douyin.com/video/7303024784403696915	背债人#背债人 #银行贷款 #干货分享	王掌柜	2023-11-19 12:26:20	0	12	0
https://www.douyin.com/video/7396304312042884402	#开局一个亿 #文荒推荐 #直播 开局负债一个亿，且看她如何反转人生	深深	2024-07-27 21:18:21	2	3	0
https://www.douyin.com/video/7315362763541466419	#泉州负债人 #石狮 #背债人 #晋江 #惠安房产	泉州居间小林	2023-12-22 18:24:19	6	25	2
https://www.douyin.com/video/7323841423088913673	奶爸中介讲负债#负债 #银行贷款 #债务重组 #贷款中介 #负债前行	奶爸宇哥（在魔都）	2024-01-14 14:45:27	12	108	2
https://www.douyin.com/video/7303024784403696915	背债人#背债人 #银行贷款 #干货分享	王掌柜	2023-11-19 12:26:20	0	12	0
https://www.douyin.com/video/7396304312042884402	#开局一个亿 #文荒推荐 #直播 开局负债一个亿，且看她如何反转人生	深深	2024-07-27 21:18:21	2	3	0
https://www.douyin.com/video/7351208047261273353	背债毁一生。#易经 #易经培训 #易经学习	东昇易学	2024-03-28 10:45:00	1	40	5
https://www.douyin.com/video/7396096175679507764	#动起来就是有机生活 #金融 #科普 #背债人 #贷款	Xue DaiL	2024-07-27 07:50:58	0	8	0
https://www.douyin.com/video/7396222287776648502	你有负债吗？你的负债可以当钱花吗？ #短剧 #我的负债是宝贝 #品帅首部短剧 #热门短剧推荐 	品帅有戏	2024-07-28 17:30:49	1	17	1
https://www.douyin.com/video/7312425491355454720	职业背债人的出现，会不会有更多的人躺平了#抖音房产 #房地产销售日常 #内容过于真实 #背债人	湖州楼市房产-娟娟看房	2023-12-14 20:25:51	9	66	0
https://www.douyin.com/video/7395646873689804073	五十岁负债的路还能回的去吗？ #坚强的面对生活 #愿余生一切安好 @江苏税大街第一人（睿姐）	江苏税大街第一人（睿姐）	2024-07-26 02:47:17	78	260	10
https://www.douyin.com/video/7396257463168781595	#轻资产创业 #商业思维 #互联网创业 #创富思维 #野路子	子墨轻资	2024-07-27 18:16:37	347	90	20
https://www.douyin.com/video/7298286044699430198	山东烟台蓬莱的秦ming @老秦鲜生 @老秦鲜生（小番茄） 秦老板，还我血汗钱！！#负债 #追债 #老赖 #欺骗 #还钱@DOU+小助手	小王负重前行	2023-11-06 17:57:24	29	254	25
https://www.douyin.com/video/7348260173363907874	欠的钱不还了，最坏是什么结果？#负债人 #负债 #金融 #翻身路	RG	2024-03-20 10:02:40	14	31	9
https://www.douyin.com/video/7396163055727480098	男子逆天操作弄哭银行#社会百态 #负债前行 #银行	长春的李白	2024-07-27 12:10:17	80	362	11
https://www.douyin.com/video/7322645119490903331	背债人，不是你想做就能做的#背债人 #贷款 #金融	效脉	2024-01-11 18:00:00	0	7	0
https://www.douyin.com/video/6918379808363711759	假如你也负债我们一起报团取暖，人多总是主意会多些。#努力 #创业	王召	2021-01-16 23:27:34	51	250	6
https://www.douyin.com/video/7309432543609392425	#企业主 #中小微企业 #银行贷款 #企业服务 #营业执照 @DOU+上热门 当下企业主最大的悲哀，背债养着一帮兄弟！	安鑫融企业咨询	2023-12-06 18:51:34	12	46	4
https://www.douyin.com/video/7318049577934933302	负债15万在合肥跑外卖还债，上岸之路第29天，13个小时430元。#外卖日记 #负债前行 #送外卖能赚多少钱 #众包骑手 #月入过万	周大鱼	2023-12-30 00:11:33	13	36	4
https://www.douyin.com/video/7395612744419904795	#知乎故事 #艾特你想艾特的人 #小说推荐 #文荒拯救	宇轩学姐	2024-07-26 00:34:49	1	79	11
https://www.douyin.com/video/7395903448819977487	二婚200万负债 周三到周日21点准时直播连线。听他人的故事，想自己的人生#情感#婚姻#家庭#凌云夜话	凌云夜话	2024-07-26 19:22:48	283	1172	227
