沙子堰东巷4号	https://cd.ke.com/xiaoqu/1611042979609/
白云巷2号	https://cd.ke.com/xiaoqu/1611043038890/
沙子堰西巷6号	https://cd.ke.com/xiaoqu/1611042821688/
芳华街26号	https://cd.ke.com/xiaoqu/1611043054848/
江南苑	https://cd.ke.com/xiaoqu/1611042817883/
丽景花园	https://cd.ke.com/xiaoqu/1611043001460/
梧桐世家二期	https://cd.ke.com/xiaoqu/1611043927874/
玉虹巷1号	https://cd.ke.com/xiaoqu/1611042831906/
新能巷2号	https://cd.ke.com/xiaoqu/1611042831237/
南晶国际南庭	https://cd.ke.com/xiaoqu/1611042534706/
江南岸	https://cd.ke.com/xiaoqu/1611043041591/
兴蓉街19号	https://cd.ke.com/xiaoqu/1611044693126/
清华坊	https://cd.ke.com/xiaoqu/1611043035898/
肖家河沿巷3号	https://cd.ke.com/xiaoqu/1611044597828/
肖家河东一巷11号	https://cd.ke.com/xiaoqu/1611044689806/
银都花园嘉苑三期	https://cd.ke.com/xiaoqu/1611044256536/
如意人家	https://cd.ke.com/xiaoqu/1611042820222/
紫竹北街27号	https://cd.ke.com/xiaoqu/1611043059630/
圣安卓花园	https://cd.ke.com/xiaoqu/1611041582549/
紫荆苑	https://cd.ke.com/xiaoqu/1611043049343/
南馨园	https://cd.ke.com/xiaoqu/1611041577141/
金竹苑D区	https://cd.ke.com/xiaoqu/1611041819703/
沙子堰西巷2号	https://cd.ke.com/xiaoqu/1611042820784/
中海名城二期	https://cd.ke.com/xiaoqu/1611043160531/
精诚苑	https://cd.ke.com/xiaoqu/1611043002732/
银都花园皓苑四期	https://cd.ke.com/xiaoqu/1611041554078/
蓓蕾西巷5号	https://cd.ke.com/xiaoqu/1611042037653/
银都花园欣苑五期	https://cd.ke.com/xiaoqu/1611041553836/
经典嘉苑	https://cd.ke.com/xiaoqu/1611043002642/
翔宇苑一期	https://cd.ke.com/xiaoqu/1611044296404/
和平锦苑	https://cd.ke.com/xiaoqu/3011052016438/
银都花园欣苑五期	https://cd.ke.com/xiaoqu/1611041553836/
经典嘉苑	https://cd.ke.com/xiaoqu/1611043002642/
丰尚宜居	https://cd.ke.com/xiaoqu/1611043055024/
绿岸嘉苑	https://cd.ke.com/xiaoqu/1611043003043/
丹桂苑(高新区)	https://cd.ke.com/xiaoqu/3011056069937/
桂溪苑	https://cd.ke.com/xiaoqu/3011052135172/
永逸苑	https://cd.ke.com/xiaoqu/3011053520976/
锦尚天华	https://cd.ke.com/xiaoqu/3011051990330/
东苑F区	https://cd.ke.com/xiaoqu/3011052136420/
和平欣苑	https://cd.ke.com/xiaoqu/3011052009693/
格林君典	https://cd.ke.com/xiaoqu/3011056073008/
名城金典	https://cd.ke.com/xiaoqu/3011052922251/
皇城花卉	https://cd.ke.com/xiaoqu/3011051978610/
南铁新居	https://cd.ke.com/xiaoqu/3011052014357/
肖家河东一巷	https://cd.ke.com/xiaoqu/3011053387628/
香榭国际	https://cd.ke.com/xiaoqu/3011056085726/
成达佳园	https://cd.ke.com/xiaoqu/3011055383519/
神仙树馨苑	https://cd.ke.com/xiaoqu/1611043044432/
锦江帆影	https://cd.ke.com/xiaoqu/3011055387353/
芳华街25号	https://cd.ke.com/xiaoqu/1611043054789/
新雅街4号	https://cd.ke.com/xiaoqu/3011054304451/
世豪瑞丽	https://cd.ke.com/xiaoqu/3011055510309/
仁和南街36号	https://cd.ke.com/xiaoqu/3011054324496/
三九雅园	https://cd.ke.com/xiaoqu/1611041464253/
枫萧苑	https://cd.ke.com/xiaoqu/3011053495629/
芳草东街91号	https://cd.ke.com/xiaoqu/1611043039935/
城南春天	https://cd.ke.com/xiaoqu/3011056068734/
礼顿山1号	https://cd.ke.com/xiaoqu/3011051999285/
紫竹苑	https://cd.ke.com/xiaoqu/1611043060591/
大源南二街5号院	https://cd.ke.com/xiaoqu/1620029972930005/
长桂源	https://cd.ke.com/xiaoqu/1612241666847080/
仁和春天国际广场	https://cd.ke.com/xiaoqu/1620020854140544/
王府春天花园	https://cd.ke.com/xiaoqu/3011056084501/
新民公寓	https://cd.ke.com/xiaoqu/3011056085815/
建发泱墅	https://cd.ke.com/xiaoqu/1612972299662332/
首座MAX	https://cd.ke.com/xiaoqu/1620020346576808/
双源社区152号院	https://cd.ke.com/xiaoqu/1620029978169042/
新雅横街3号	https://cd.ke.com/xiaoqu/3011054298216/
兴蓉南一巷7号	https://cd.ke.com/xiaoqu/1611794713948829/
棕榈山庄	https://cd.ke.com/xiaoqu/1617155641871046/
建发翡翠鹭洲	https://cd.ke.com/xiaoqu/1612872939220859/
大源北一街25号	https://cd.ke.com/xiaoqu/1620025341564487/
棕榈南岸	https://cd.ke.com/xiaoqu/3011056094399/
怡康苑	https://cd.ke.com/xiaoqu/1620020752430387/
蓓蕾东巷6号	https://cd.ke.com/xiaoqu/167988458827845/
南城都汇汇朗园五期	https://cd.ke.com/xiaoqu/1614096996535950/
聚雅苑	https://cd.ke.com/xiaoqu/3011054319329/
兴蓉西巷5号	https://cd.ke.com/xiaoqu/1611770918350799/
怡丰新城	https://cd.ke.com/xiaoqu/3011056059915/
怡馨家园	https://cd.ke.com/xiaoqu/1620022038291184/
双吉社区48号院	https://cd.ke.com/xiaoqu/1616576943238457/
兴蓉南二巷5号	https://cd.ke.com/xiaoqu/1611771502407343/
新雅中街12号	https://cd.ke.com/xiaoqu/3011054314848/
新雅中街69号	https://cd.ke.com/xiaoqu/3011054333400/
航天城上城一期	https://cd.ke.com/xiaoqu/169546665831472/
瑞升丽苑	https://cd.ke.com/xiaoqu/1611041462895/
新怡花园B区	https://cd.ke.com/xiaoqu/1613961532289134/
新雅中街32号	https://cd.ke.com/xiaoqu/3011054316433/
新园社区	https://cd.ke.com/xiaoqu/1620029398235190/
芳沁街89号	https://cd.ke.com/xiaoqu/1611043054933/
肖家河街	https://cd.ke.com/xiaoqu/3011053521983/
英郡三期	https://cd.ke.com/xiaoqu/3011055400648/
天鹅湖北苑	https://cd.ke.com/xiaoqu/3011055393438/
棕榈南岸	https://cd.ke.com/xiaoqu/3011056094399/
超洋花园	https://cd.ke.com/xiaoqu/1611043083576/
叠翠峰	https://cd.ke.com/xiaoqu/1611043039689/
兴蓉街2号	https://cd.ke.com/xiaoqu/3011053424127/
聚雅苑	https://cd.ke.com/xiaoqu/3011054319329/
怡丰新城	https://cd.ke.com/xiaoqu/3011056059915/
银都花园	https://cd.ke.com/xiaoqu/3011052256724/
芳草东街93号	https://cd.ke.com/xiaoqu/1611043040049/
紫荆北路58号	https://cd.ke.com/xiaoqu/1611041830966/
新雅中街12号	https://cd.ke.com/xiaoqu/3011054314848/
新雅中街69号	https://cd.ke.com/xiaoqu/3011054333400/
梧桐世家一期	https://cd.ke.com/xiaoqu/1611041496661/
沙子堰西巷4号	https://cd.ke.com/xiaoqu/1611042821199/
瑞升丽苑	https://cd.ke.com/xiaoqu/1611041462895/
芳草街35号	https://cd.ke.com/xiaoqu/1611042812997/
蓓蕾东巷4号	https://cd.ke.com/xiaoqu/1611043038903/
新雅中街32号	https://cd.ke.com/xiaoqu/3011054316433/
新北小区三期	https://cd.ke.com/xiaoqu/3011052771713/
肖家河中街	https://cd.ke.com/xiaoqu/3011053534458/
新乐北巷2号	https://cd.ke.com/xiaoqu/3011052914414/
和泽苑	https://cd.ke.com/xiaoqu/3011053503940/
吉顺苑	https://cd.ke.com/xiaoqu/3011056074897/
和睦苑	https://cd.ke.com/xiaoqu/3011054652558/
盛世嘉苑	https://cd.ke.com/xiaoqu/3011055465455/
府河路48号	https://cd.ke.com/xiaoqu/3011056071344/
朝阳小区	https://cd.ke.com/xiaoqu/3011055461333/
朝阳丽景	https://cd.ke.com/xiaoqu/3011055459923/
肖家河东一巷39号	https://cd.ke.com/xiaoqu/3011053384254/
永康苑(肖家河中街)	https://cd.ke.com/xiaoqu/3011053536819/
2环路南4段8号	https://cd.ke.com/xiaoqu/3011053109108/
橄榄园二期	https://cd.ke.com/xiaoqu/3011053118670/
芳草街57号	https://cd.ke.com/xiaoqu/3011052950265/
新源巷4号	https://cd.ke.com/xiaoqu/3011053075685/
兴蓉东巷1号	https://cd.ke.com/xiaoqu/3011053135412/
永丰路18号	https://cd.ke.com/xiaoqu/3011053747934/
鑫苑(高新)	https://cd.ke.com/xiaoqu/3011056335439/
中和后街8号院	https://cd.ke.com/xiaoqu/3011056090120/
熊家桥48号院	https://cd.ke.com/xiaoqu/3011056089411/
天和东路	https://cd.ke.com/xiaoqu/3011051993883/
高新区府城大道东段3号	https://cd.ke.com/xiaoqu/3011051985779/
肖家河沿街4号	https://cd.ke.com/xiaoqu/1611043009377/
神仙树北路3号附3号	https://cd.ke.com/xiaoqu/1611043044400/
神仙树南路51号	https://cd.ke.com/xiaoqu/1611043044409/
永丰路12号	https://cd.ke.com/xiaoqu/1611043080998/
兴蓉南三巷7号	https://cd.ke.com/xiaoqu/1611041552931/
新雅正街2号	https://cd.ke.com/xiaoqu/3011054310451/
新雅中街9号	https://cd.ke.com/xiaoqu/3011054313406/
茗興花园	https://cd.ke.com/xiaoqu/3011056075382/
教师公寓(高新)	https://cd.ke.com/xiaoqu/3011055462525/
玉林西路6号	https://cd.ke.com/xiaoqu/3011053140479/
永丰街12号	https://cd.ke.com/xiaoqu/3011053136063/
永丰街14号	https://cd.ke.com/xiaoqu/3011053136862/
永和苑(肖家河沿街)	https://cd.ke.com/xiaoqu/3011053554090/
肖家河北街88号	https://cd.ke.com/xiaoqu/3011053519224/
和熙苑	https://cd.ke.com/xiaoqu/3011053501172/
莲心苑(高新)	https://cd.ke.com/xiaoqu/3011053562543/
永丰路12号	https://cd.ke.com/xiaoqu/1611043080998/
芳草东街53号	https://cd.ke.com/xiaoqu/1611041836981/
兴蓉南三巷7号	https://cd.ke.com/xiaoqu/1611041552931/
肖家河东二巷9号	https://cd.ke.com/xiaoqu/1611041552654/
玉虹巷4号	https://cd.ke.com/xiaoqu/1611042832152/
沙子堰东巷3号	https://cd.ke.com/xiaoqu/1611042979586/
蓓蕾东巷3号	https://cd.ke.com/xiaoqu/1611043038966/
蓓蕾西巷3号	https://cd.ke.com/xiaoqu/1611043039270/
白玉巷3号	https://cd.ke.com/xiaoqu/1611042807155/
兴蓉街8号	https://cd.ke.com/xiaoqu/1611043009546/
南苑公寓	https://cd.ke.com/xiaoqu/1611043998800/
兴蓉南二巷1号	https://cd.ke.com/xiaoqu/1611044154307/
肖家河沿街10号	https://cd.ke.com/xiaoqu/1611044597668/
晓初公寓(高新)	https://cd.ke.com/xiaoqu/1611044613496/
蓓蕾西巷4号	https://cd.ke.com/xiaoqu/1611043039312/
蓝天路36号	https://cd.ke.com/xiaoqu/1611043043488/
蓝天路2号	https://cd.ke.com/xiaoqu/1611043034352/
蓓蕾西巷2号	https://cd.ke.com/xiaoqu/1611043039224/
沙子堰东巷1号	https://cd.ke.com/xiaoqu/1611042979563/
庆安小区	https://cd.ke.com/xiaoqu/1611043071890/
玉虹巷3号	https://cd.ke.com/xiaoqu/1611042832098/
肖家河巷4号	https://cd.ke.com/xiaoqu/1611042677842/
聚乐苑(高新)	https://cd.ke.com/xiaoqu/1611042682153/
沙子堰东巷8号	https://cd.ke.com/xiaoqu/1611042979743/
肖家河东一巷13号	https://cd.ke.com/xiaoqu/1611044690940/
沙子堰西巷3号	https://cd.ke.com/xiaoqu/1611042821091/
肖家河巷2号	https://cd.ke.com/xiaoqu/1611042677496/
芳草西一街1号	https://cd.ke.com/xiaoqu/1611041837521/
紫荆蜜城	https://cd.ke.com/xiaoqu/1611043999127/
芳草东街89号	https://cd.ke.com/xiaoqu/1611041837479/
中海城南一号二期	https://cd.ke.com/xiaoqu/1611042669210/
元通一巷11号	https://cd.ke.com/xiaoqu/1611041830283/
蓓蕾中巷1号	https://cd.ke.com/xiaoqu/1611043039443/
紫荆巷56号院	https://cd.ke.com/xiaoqu/1611043049517/
紫竹北街65号	https://cd.ke.com/xiaoqu/1611043060099/
玉林北路2号	https://cd.ke.com/xiaoqu/1611043052785/
芳华街25号	https://cd.ke.com/xiaoqu/1611043054789/
玉林西路13号	https://cd.ke.com/xiaoqu/1611043051905/
兴元丽都	https://cd.ke.com/xiaoqu/1611043053803/
兴蓉西巷1号	https://cd.ke.com/xiaoqu/1611043080634/
芳沁街89号	https://cd.ke.com/xiaoqu/1611043054933/
瑞升花园	https://cd.ke.com/xiaoqu/1611043056033/
上海花园(高新)	https://cd.ke.com/xiaoqu/1611043056243/
兴蓉西巷3号	https://cd.ke.com/xiaoqu/1611043080685/
泰和佳园	https://cd.ke.com/xiaoqu/1611043114191/
新光花园	https://cd.ke.com/xiaoqu/1611043117579/
630宿舍	https://cd.ke.com/xiaoqu/1611043273370/
美洲花园城南公馆	https://cd.ke.com/xiaoqu/1611043171687/
美洲花园一期	https://cd.ke.com/xiaoqu/1611043170238/
美洲花园二期	https://cd.ke.com/xiaoqu/1611043172885/
中海名城一期	https://cd.ke.com/xiaoqu/1611043158503/
枫林苑	https://cd.ke.com/xiaoqu/1611043438399/
黄金时代(永丰路)	https://cd.ke.com/xiaoqu/1611043868545/
天府欣苑东区	https://cd.ke.com/xiaoqu/1611043141924/
翔宇苑二期	https://cd.ke.com/xiaoqu/1611044110335/
兴蓉佳苑	https://cd.ke.com/xiaoqu/1611045074099/
高升桥东路3号	https://cd.ke.com/xiaoqu/1611044669040/
肖家河沿街45号	https://cd.ke.com/xiaoqu/1611044903874/
芳草街47号	https://cd.ke.com/xiaoqu/1611045259078/
中环岛	https://cd.ke.com/xiaoqu/1611058927595/
紫丁巷3号	https://cd.ke.com/xiaoqu/1611041854973/
芳草东街64号	https://cd.ke.com/xiaoqu/1611041837340/
梧桐苑	https://cd.ke.com/xiaoqu/1611041851268/
金竹苑C区	https://cd.ke.com/xiaoqu/1611041819584/
长城南苑	https://cd.ke.com/xiaoqu/1611041814698/
银都花园慧苑二期	https://cd.ke.com/xiaoqu/1611041854234/
佳利花园一期	https://cd.ke.com/xiaoqu/1611042013734/
天府长城柏南郡	https://cd.ke.com/xiaoqu/1611041808015/
玉林南路36号	https://cd.ke.com/xiaoqu/1611041929752/
蓓蕾西巷5号	https://cd.ke.com/xiaoqu/1611042037653/
紫丁巷1号	https://cd.ke.com/xiaoqu/1611041854898/
东苑B区	https://cd.ke.com/xiaoqu/1611041786182/
城市春天	https://cd.ke.com/xiaoqu/1611043065198/
紫竹北街65号	https://cd.ke.com/xiaoqu/1611043060099/
玉林北路2号	https://cd.ke.com/xiaoqu/1611043052785/
蓓蕾中巷1号	https://cd.ke.com/xiaoqu/1611043039443/
新光社区文景苑	https://cd.ke.com/xiaoqu/1611043047078/
盛世名居	https://cd.ke.com/xiaoqu/1611059167342/
瑞祥园	https://cd.ke.com/xiaoqu/1611059197551/
每日汇城	https://cd.ke.com/xiaoqu/1611059259264/
华润凤凰城二期	https://cd.ke.com/xiaoqu/1611057915263/
南苑小区A区	https://cd.ke.com/xiaoqu/1611058166215/
保利心语花园四期	https://cd.ke.com/xiaoqu/1611057974940/
复地雍湖湾	https://cd.ke.com/xiaoqu/1611058082365/
新源巷3号	https://cd.ke.com/xiaoqu/1611058132950/
天府欣苑西区	https://cd.ke.com/xiaoqu/1611058121023/
誉峰一期	https://cd.ke.com/xiaoqu/1611058254921/
华润凤凰城三期	https://cd.ke.com/xiaoqu/1611058000650/
保利心语花园别墅	https://cd.ke.com/xiaoqu/1611058563233/
中海城南一号一期	https://cd.ke.com/xiaoqu/1611047722172/
东苑E区	https://cd.ke.com/xiaoqu/3011052133427/
新北小区三期	https://cd.ke.com/xiaoqu/3011052771713/
石羊街道新盛社区	https://cd.ke.com/xiaoqu/3011052843893/
新义路1号	https://cd.ke.com/xiaoqu/3011052784567/
和谐苑(高新)	https://cd.ke.com/xiaoqu/3011053599211/
尚义居	https://cd.ke.com/xiaoqu/3011053572059/
天鹅湖北苑	https://cd.ke.com/xiaoqu/3011055393438/
朝阳小区	https://cd.ke.com/xiaoqu/3011055461333/
教师公寓(高新)	https://cd.ke.com/xiaoqu/3011055462525/
金桂花园(高新)	https://cd.ke.com/xiaoqu/3011055464201/
朝阳丽景	https://cd.ke.com/xiaoqu/3011055459923/
世豪瑞丽	https://cd.ke.com/xiaoqu/3011055510309/
盛世嘉苑	https://cd.ke.com/xiaoqu/3011055465455/
龙腾苑	https://cd.ke.com/xiaoqu/3011055525488/
逸都国际	https://cd.ke.com/xiaoqu/3011055514158/
成达佳园	https://cd.ke.com/xiaoqu/3011055383519/
红树湾	https://cd.ke.com/xiaoqu/3011055385914/
英郡三期	https://cd.ke.com/xiaoqu/3011055400648/
锦江帆影	https://cd.ke.com/xiaoqu/3011055387353/
鑫苑(高新)	https://cd.ke.com/xiaoqu/3011056335439/
领馆逸品	https://cd.ke.com/xiaoqu/1611061561967/
蓝花楹	https://cd.ke.com/xiaoqu/166992369823162/
和雅嘉御	https://cd.ke.com/xiaoqu/1620021681629461/
馨康花园	https://cd.ke.com/xiaoqu/1620030068340969/
乐活公社	https://cd.ke.com/xiaoqu/1620024706943904/
沿巷壹號院	https://cd.ke.com/xiaoqu/1620030267577400/
太平寺10号院	https://cd.ke.com/xiaoqu/1620029976075318/
祥瑞园	https://cd.ke.com/xiaoqu/3011054766765/
招商大魔方玺悦轩	https://cd.ke.com/xiaoqu/168707581162384/
锦辰佳苑	https://cd.ke.com/xiaoqu/166992611521510/
雄川中心	https://cd.ke.com/xiaoqu/1620027970563432/
新和领航	https://cd.ke.com/xiaoqu/1610300612686193/
锦水花乡	https://cd.ke.com/xiaoqu/3011056066812/
长城馨苑(高新)	https://cd.ke.com/xiaoqu/1611057297044/
普得先锋国际	https://cd.ke.com/xiaoqu/1620028731119743/
府河小区东区	https://cd.ke.com/xiaoqu/1620030106098234/
天府软件园A区	https://cd.ke.com/xiaoqu/1620032130934612/
中洲南熙里二期	https://cd.ke.com/xiaoqu/1620030839560356/
天府二街1316号	https://cd.ke.com/xiaoqu/1620042221067431/
成达大厦	https://cd.ke.com/xiaoqu/16000000000948/
满福庭院	https://cd.ke.com/xiaoqu/1620026119111160/
OCG国际中心	https://cd.ke.com/xiaoqu/1620021132043401/
蓝光雍锦丽府	https://cd.ke.com/xiaoqu/1620026967677809/
锦晖东街宿舍	https://cd.ke.com/xiaoqu/1620042094147108/
天府恒大文化旅游城	https://cd.ke.com/xiaoqu/16000000000826/
世纪城新会展	https://cd.ke.com/xiaoqu/16000000000712/
华路街53号	https://cd.ke.com/xiaoqu/16000000000667/
明宇南御	https://cd.ke.com/xiaoqu/1620035643990456/
人居盛和林语北区	https://cd.ke.com/xiaoqu/1620036508431966/
合能璞丽	https://cd.ke.com/xiaoqu/1611063173334/
新能巷4号	https://cd.ke.com/xiaoqu/1611062551016/
金房大榕湾人家	https://cd.ke.com/xiaoqu/1611062687344/
龙祥佳苑一期	https://cd.ke.com/xiaoqu/1611062673738/
远雄风华园	https://cd.ke.com/xiaoqu/1611062695740/
万科金域名邸一期	https://cd.ke.com/xiaoqu/1611062693931/
蓝光金悦派	https://cd.ke.com/xiaoqu/1611062687399/
龙祥佳苑二期	https://cd.ke.com/xiaoqu/1611062674528/
紫荆东路51号	https://cd.ke.com/xiaoqu/1611099664179/
新怡花园A区	https://cd.ke.com/xiaoqu/1611099805023/
新街里商业中心	https://cd.ke.com/xiaoqu/1611063165083/
南尚国际	https://cd.ke.com/xiaoqu/1611063163770/
怡丰花园	https://cd.ke.com/xiaoqu/1611100428619/
金控时代广场	https://cd.ke.com/xiaoqu/1611100425432/
裕民商业办公楼	https://cd.ke.com/xiaoqu/1611100507525/
玉林西街10号	https://cd.ke.com/xiaoqu/1611100421428/
蓓蕾西巷6号	https://cd.ke.com/xiaoqu/1611100878833/
中航国际广场	https://cd.ke.com/xiaoqu/1611100140956/
会展商铺	https://cd.ke.com/xiaoqu/1611100119223/
十八步岛	https://cd.ke.com/xiaoqu/1611100699649/
蓓蕾东巷2号	https://cd.ke.com/xiaoqu/1611059888101/
西派国际	https://cd.ke.com/xiaoqu/1611060198674/
奥克斯广场	https://cd.ke.com/xiaoqu/1611060371837/
中德英伦世邦L区	https://cd.ke.com/xiaoqu/1611061306175/
青年一号	https://cd.ke.com/xiaoqu/1611061343631/
佳利花园二期	https://cd.ke.com/xiaoqu/1611061089869/
东景丽舍	https://cd.ke.com/xiaoqu/1611061205657/
航利中心	https://cd.ke.com/xiaoqu/1611060925047/
银都花园智苑六期	https://cd.ke.com/xiaoqu/1611041553397/
南锦公寓	https://cd.ke.com/xiaoqu/1611041553835/
肖家河东二巷9号	https://cd.ke.com/xiaoqu/1611041552654/
银都花园皓苑四期	https://cd.ke.com/xiaoqu/1611041554078/
翔宇苑三期	https://cd.ke.com/xiaoqu/1611041591857/
芳草东街54号	https://cd.ke.com/xiaoqu/1611041604254/
圣安卓花园	https://cd.ke.com/xiaoqu/1611041582549/
紫竹北街85号	https://cd.ke.com/xiaoqu/1611046575492/
中海翠屏湾	https://cd.ke.com/xiaoqu/1611047233738/
一环路南四段15号附9号	https://cd.ke.com/xiaoqu/1611047393839/
永丰路16号	https://cd.ke.com/xiaoqu/1611047376309/
玉南苑	https://cd.ke.com/xiaoqu/1611041837428/
信苑	https://cd.ke.com/xiaoqu/1611042762473/
南晶国际南庭	https://cd.ke.com/xiaoqu/1611042534706/
金色起跑线	https://cd.ke.com/xiaoqu/1611042762870/
竺桂苑	https://cd.ke.com/xiaoqu/1611042764711/
沙子堰西巷3号	https://cd.ke.com/xiaoqu/1611042821091/
肖家河巷2号	https://cd.ke.com/xiaoqu/1611042677496/
信都花园	https://cd.ke.com/xiaoqu/1611042761750/
玉虹巷3号	https://cd.ke.com/xiaoqu/1611042832098/
新能巷2号	https://cd.ke.com/xiaoqu/1611042831237/
芳草街4号	https://cd.ke.com/xiaoqu/1611042813057/
沙子堰西巷1号	https://cd.ke.com/xiaoqu/1611042820742/
德政苑	https://cd.ke.com/xiaoqu/1611042752946/
玉虹巷4号	https://cd.ke.com/xiaoqu/1611042832152/
肖家河巷4号	https://cd.ke.com/xiaoqu/1611042677842/
江南苑	https://cd.ke.com/xiaoqu/1611042817883/
沙子堰东巷3号	https://cd.ke.com/xiaoqu/1611042979586/
丽景花园	https://cd.ke.com/xiaoqu/1611043001460/
沙子堰东巷4号	https://cd.ke.com/xiaoqu/1611042979609/
天府长城丽日清风	https://cd.ke.com/xiaoqu/1611041808560/
紫荆嘉苑	https://cd.ke.com/xiaoqu/1611043003228/
佳利花园三期	https://cd.ke.com/xiaoqu/1611043001410/
牡丹御园	https://cd.ke.com/xiaoqu/1611043003542/
沙子堰东巷5号	https://cd.ke.com/xiaoqu/1611042979668/
华敏世家花园	https://cd.ke.com/xiaoqu/1611042014839/
芳箐院	https://cd.ke.com/xiaoqu/1611042982325/
倍特金杏苑B区	https://cd.ke.com/xiaoqu/1611043125959/
五洲花园	https://cd.ke.com/xiaoqu/1611043115496/
泰和佳园	https://cd.ke.com/xiaoqu/1611043114191/
630宿舍	https://cd.ke.com/xiaoqu/1611043273370/
美洲花园城南公馆	https://cd.ke.com/xiaoqu/1611043171687/
美洲花园一期	https://cd.ke.com/xiaoqu/1611043170238/
美洲花园二期	https://cd.ke.com/xiaoqu/1611043172885/
中海名城一期	https://cd.ke.com/xiaoqu/1611043158503/
枫林苑	https://cd.ke.com/xiaoqu/1611043438399/
黄金时代(永丰路)	https://cd.ke.com/xiaoqu/1611043868545/
天府欣苑东区	https://cd.ke.com/xiaoqu/1611043141924/
天府花园	https://cd.ke.com/xiaoqu/1611043867737/
桐梓林小区	https://cd.ke.com/xiaoqu/1611043473689/
长信公寓	https://cd.ke.com/xiaoqu/1611043869562/
梧桐世家二期	https://cd.ke.com/xiaoqu/1611043927874/
神仙树大院五期	https://cd.ke.com/xiaoqu/1611043480007/
玉林名居二期	https://cd.ke.com/xiaoqu/1611043870015/
自由星城二期	https://cd.ke.com/xiaoqu/1611043473659/
中海名城二期	https://cd.ke.com/xiaoqu/1611043160531/
倍特金杏苑A区	https://cd.ke.com/xiaoqu/1611043860617/
玉林苑二期	https://cd.ke.com/xiaoqu/1611043869980/
新康家园	https://cd.ke.com/xiaoqu/1611044349770/
紫荆蜜城	https://cd.ke.com/xiaoqu/1611043999127/
金桂花苑银桂园	https://cd.ke.com/xiaoqu/1611061537440/
福年广场	https://cd.ke.com/xiaoqu/1611061567968/
新希望国际	https://cd.ke.com/xiaoqu/1611062468371/
蓝光金悦派	https://cd.ke.com/xiaoqu/1611062687399/
龙祥佳苑二期	https://cd.ke.com/xiaoqu/1611062674528/
新能巷4号	https://cd.ke.com/xiaoqu/1611062551016/
金房大榕湾人家	https://cd.ke.com/xiaoqu/1611062687344/
龙祥佳苑一期	https://cd.ke.com/xiaoqu/1611062673738/
远雄风华园	https://cd.ke.com/xiaoqu/1611062695740/
万科金域名邸一期	https://cd.ke.com/xiaoqu/1611062693931/
华宜铂仕公馆	https://cd.ke.com/xiaoqu/1611061609551/
银泰泰悦湾	https://cd.ke.com/xiaoqu/1611061608941/
康桥雅舍	https://cd.ke.com/xiaoqu/1611042028345/
金叶苑	https://cd.ke.com/xiaoqu/1611041843296/
紫荆岁月	https://cd.ke.com/xiaoqu/1611042047688/
玉林苑一期	https://cd.ke.com/xiaoqu/1611042033008/
紫荆春天	https://cd.ke.com/xiaoqu/1611042035643/
新能巷1号	https://cd.ke.com/xiaoqu/1611042029014/
中海城南一号二期	https://cd.ke.com/xiaoqu/1611042669210/
元通一巷11号	https://cd.ke.com/xiaoqu/1611041830283/
玉南苑	https://cd.ke.com/xiaoqu/1611041837428/
信苑	https://cd.ke.com/xiaoqu/1611042762473/
南晶国际南庭	https://cd.ke.com/xiaoqu/1611042534706/
金色起跑线	https://cd.ke.com/xiaoqu/1611042762870/
竺桂苑	https://cd.ke.com/xiaoqu/1611042764711/
鑫阳花园	https://cd.ke.com/xiaoqu/1611057291914/
华润凤凰城二期	https://cd.ke.com/xiaoqu/1611057915263/
南苑小区A区	https://cd.ke.com/xiaoqu/1611058166215/
保利心语花园四期	https://cd.ke.com/xiaoqu/1611057974940/
南铁新居	https://cd.ke.com/xiaoqu/3011052014357/
新南社区	https://cd.ke.com/xiaoqu/3011052007050/
泛林格兰晴天	https://cd.ke.com/xiaoqu/3011051984017/
锦尚天华	https://cd.ke.com/xiaoqu/3011051990330/
皇城花卉	https://cd.ke.com/xiaoqu/3011051978610/
和平佳苑	https://cd.ke.com/xiaoqu/3011052015353/
和平祥苑	https://cd.ke.com/xiaoqu/3011052001607/
新园大道26号院	https://cd.ke.com/xiaoqu/3011052077434/
和平雅苑	https://cd.ke.com/xiaoqu/3011052012117/
高新区府城大道东段3号	https://cd.ke.com/xiaoqu/3011051985779/
新园大道296号院	https://cd.ke.com/xiaoqu/3011052089380/
长城半岛城邦二期	https://cd.ke.com/xiaoqu/3011052097793/
永丰路18号	https://cd.ke.com/xiaoqu/3011053747934/
永和苑(肖家河沿街)	https://cd.ke.com/xiaoqu/3011053554090/
肖家河街	https://cd.ke.com/xiaoqu/3011053521983/
艺雅苑	https://cd.ke.com/xiaoqu/3011053535309/
河绿苑	https://cd.ke.com/xiaoqu/3011053505201/
永逸苑	https://cd.ke.com/xiaoqu/3011053520976/
肖家河北街88号	https://cd.ke.com/xiaoqu/3011053519224/
永康苑(肖家河中街)	https://cd.ke.com/xiaoqu/3011053536819/
和熙苑	https://cd.ke.com/xiaoqu/3011053501172/
莲心苑(高新)	https://cd.ke.com/xiaoqu/3011053562543/
肖家河巷	https://cd.ke.com/xiaoqu/3011053524148/
肖家河中街	https://cd.ke.com/xiaoqu/3011053534458/
永福苑	https://cd.ke.com/xiaoqu/3011053552921/
兴蓉北街2号	https://cd.ke.com/xiaoqu/3011053538800/
永安苑(肖家河中街)	https://cd.ke.com/xiaoqu/3011053551625/
荣馨佳苑	https://cd.ke.com/xiaoqu/3011053570554/
和谐苑(高新)	https://cd.ke.com/xiaoqu/3011053599211/
尚义居	https://cd.ke.com/xiaoqu/3011053572059/
元通一巷5号	https://cd.ke.com/xiaoqu/1611041830260/
东苑D区	https://cd.ke.com/xiaoqu/1611041786162/
南都邻秀	https://cd.ke.com/xiaoqu/1611041821471/
金竹苑D区	https://cd.ke.com/xiaoqu/1611041819703/
自由星城一期	https://cd.ke.com/xiaoqu/1611041831697/
紫薇庭院	https://cd.ke.com/xiaoqu/1611041597665/
紫荆馨苑	https://cd.ke.com/xiaoqu/1611041831364/
芳草东街89号	https://cd.ke.com/xiaoqu/1611041837479/
芳草东街53号	https://cd.ke.com/xiaoqu/1611041836981/
紫荆名园	https://cd.ke.com/xiaoqu/1611041831178/
神仙树北路6号院	https://cd.ke.com/xiaoqu/1611041846447/
神仙园	https://cd.ke.com/xiaoqu/1611041846184/
和平瑞苑	https://cd.ke.com/xiaoqu/1611041849059/
芳草东街一号院	https://cd.ke.com/xiaoqu/1611041836779/
南方半岛花园	https://cd.ke.com/xiaoqu/1611041845571/
新绿季节	https://cd.ke.com/xiaoqu/1611041853622/
银都花园欣苑五期	https://cd.ke.com/xiaoqu/1611041553836/
兴蓉南三巷7号	https://cd.ke.com/xiaoqu/1611041552931/
翔宇花园	https://cd.ke.com/xiaoqu/1611041576542/
亿发苑	https://cd.ke.com/xiaoqu/1611041553031/
翡翠家园	https://cd.ke.com/xiaoqu/1611041557176/
南馨园	https://cd.ke.com/xiaoqu/1611041577141/
高升桥东路19号	https://cd.ke.com/xiaoqu/1611041579646/
融城后街	https://cd.ke.com/xiaoqu/1611041581734/
玉林名居一期	https://cd.ke.com/xiaoqu/1611041554925/
好莱坞商业广场	https://cd.ke.com/xiaoqu/1611041581674/
玉馨苑	https://cd.ke.com/xiaoqu/1611041555236/
肖家河东三巷2号	https://cd.ke.com/xiaoqu/1611041552683/
银都花园智苑六期	https://cd.ke.com/xiaoqu/1611041553397/
南锦公寓	https://cd.ke.com/xiaoqu/1611041553835/
肖家河东二巷9号	https://cd.ke.com/xiaoqu/1611041552654/
银都花园皓苑四期	https://cd.ke.com/xiaoqu/1611041554078/
东苑C区	https://cd.ke.com/xiaoqu/1611041786185/
金竹苑B区	https://cd.ke.com/xiaoqu/1611041819388/
彩虹街61号	https://cd.ke.com/xiaoqu/1611041918235/
彩虹街3号	https://cd.ke.com/xiaoqu/1611041918062/
和顺苑西区	https://cd.ke.com/xiaoqu/1611041919986/
梧桐世家一期	https://cd.ke.com/xiaoqu/1611041496661/
国际花园	https://cd.ke.com/xiaoqu/1611041489466/
翔宇苑三期	https://cd.ke.com/xiaoqu/1611041591857/
芳草东街54号	https://cd.ke.com/xiaoqu/1611041604254/
圣安卓花园	https://cd.ke.com/xiaoqu/1611041582549/
东苑B区	https://cd.ke.com/xiaoqu/1611041786182/
万科公园5号	https://cd.ke.com/xiaoqu/1611063581368/
嘉悦汇	https://cd.ke.com/xiaoqu/1611063540385/
IMC国际广场	https://cd.ke.com/xiaoqu/1611063595703/
清凤时代城	https://cd.ke.com/xiaoqu/1611063541661/
仁美大源印象	https://cd.ke.com/xiaoqu/1611063564493/
峰度天下	https://cd.ke.com/xiaoqu/1611063740807/
润莱金座	https://cd.ke.com/xiaoqu/1611063825306/
蓓蕾西巷8号	https://cd.ke.com/xiaoqu/1611063743649/
中国铁建西派澜岸	https://cd.ke.com/xiaoqu/1611063840418/
天合凯旋广场	https://cd.ke.com/xiaoqu/1611063863655/
成都国际科技节能大厦	https://cd.ke.com/xiaoqu/1611063897382/
蓓蕾东巷5号	https://cd.ke.com/xiaoqu/1611063876975/
希顿国际广场	https://cd.ke.com/xiaoqu/1611063896915/
新成国际	https://cd.ke.com/xiaoqu/1611064029550/
神仙树缤纷	https://cd.ke.com/xiaoqu/1611099458766/
紫荆东路51号	https://cd.ke.com/xiaoqu/1611099664179/
新怡花园A区	https://cd.ke.com/xiaoqu/1611099805023/
十八步岛	https://cd.ke.com/xiaoqu/1611100699649/
和美家园一期	https://cd.ke.com/xiaoqu/1611063893781/
大源国际中心	https://cd.ke.com/xiaoqu/1611063891866/
和美家园二期	https://cd.ke.com/xiaoqu/1611063895290/
航兴国际	https://cd.ke.com/xiaoqu/1611063877197/
润富国际	https://cd.ke.com/xiaoqu/1611064007359/
中航国际广场	https://cd.ke.com/xiaoqu/1611100140956/
会展商铺	https://cd.ke.com/xiaoqu/1611100119223/
怡丰花园	https://cd.ke.com/xiaoqu/1611100428619/
金控时代广场	https://cd.ke.com/xiaoqu/1611100425432/
裕民商业办公楼	https://cd.ke.com/xiaoqu/1611100507525/
玉林西街10号	https://cd.ke.com/xiaoqu/1611100421428/
蓓蕾西巷6号	https://cd.ke.com/xiaoqu/1611100878833/
嘉祥瑞庭南城	https://cd.ke.com/xiaoqu/1611063580568/
智地哥谭	https://cd.ke.com/xiaoqu/1611063586909/
芳草街8号	https://cd.ke.com/xiaoqu/1611046528172/
大世界商业广场	https://cd.ke.com/xiaoqu/1611046813013/
玉林西路15号	https://cd.ke.com/xiaoqu/1611046758827/
天府花园三期	https://cd.ke.com/xiaoqu/1611046829226/
紫竹北街85号	https://cd.ke.com/xiaoqu/1611046575492/
中海翠屏湾	https://cd.ke.com/xiaoqu/1611047233738/
沙子堰西巷3号	https://cd.ke.com/xiaoqu/1611042821091/
肖家河巷2号	https://cd.ke.com/xiaoqu/1611042677496/
信都花园	https://cd.ke.com/xiaoqu/1611042761750/
玉虹巷3号	https://cd.ke.com/xiaoqu/1611042832098/
新能巷2号	https://cd.ke.com/xiaoqu/1611042831237/
芳草街4号	https://cd.ke.com/xiaoqu/1611042813057/
沙子堰西巷1号	https://cd.ke.com/xiaoqu/1611042820742/
德政苑	https://cd.ke.com/xiaoqu/1611042752946/
玉虹巷4号	https://cd.ke.com/xiaoqu/1611042832152/
肖家河巷4号	https://cd.ke.com/xiaoqu/1611042677842/
江南苑	https://cd.ke.com/xiaoqu/1611042817883/
沙子堰东巷3号	https://cd.ke.com/xiaoqu/1611042979586/
丽景花园	https://cd.ke.com/xiaoqu/1611043001460/
沙子堰东巷4号	https://cd.ke.com/xiaoqu/1611042979609/
天府长城丽日清风	https://cd.ke.com/xiaoqu/1611041808560/
紫荆嘉苑	https://cd.ke.com/xiaoqu/1611043003228/
佳利花园三期	https://cd.ke.com/xiaoqu/1611043001410/
牡丹御园	https://cd.ke.com/xiaoqu/1611043003542/
沙子堰东巷5号	https://cd.ke.com/xiaoqu/1611042979668/
华敏世家花园	https://cd.ke.com/xiaoqu/1611042014839/
芳箐院	https://cd.ke.com/xiaoqu/1611042982325/
聚乐苑(高新)	https://cd.ke.com/xiaoqu/1611042682153/
白云巷2号	https://cd.ke.com/xiaoqu/1611043038890/
蓓蕾东巷3号	https://cd.ke.com/xiaoqu/1611043038966/
蓓蕾西巷3号	https://cd.ke.com/xiaoqu/1611043039270/
经典嘉苑	https://cd.ke.com/xiaoqu/1611043002642/
芳草街35号	https://cd.ke.com/xiaoqu/1611042812997/
沙子堰东巷8号	https://cd.ke.com/xiaoqu/1611042979743/
白玉巷3号	https://cd.ke.com/xiaoqu/1611042807155/
蓓蕾东巷4号	https://cd.ke.com/xiaoqu/1611043038903/
肖家河沿街4号	https://cd.ke.com/xiaoqu/1611043009377/
玉虹巷2号	https://cd.ke.com/xiaoqu/1611042832048/
上海花园(高新)	https://cd.ke.com/xiaoqu/1611043056243/
兴蓉西巷3号	https://cd.ke.com/xiaoqu/1611043080685/
永丰路12号	https://cd.ke.com/xiaoqu/1611043080998/
庆安小区	https://cd.ke.com/xiaoqu/1611043071890/
丰尚宜居	https://cd.ke.com/xiaoqu/1611043055024/
黄金时代(中和街道办吉龙二街)	https://cd.ke.com/xiaoqu/1613037132066369/
玉林西路80号院	https://cd.ke.com/xiaoqu/1611093572334545/
大有智慧	https://cd.ke.com/xiaoqu/1611453357633994/
绿地之窗	https://cd.ke.com/xiaoqu/1611452663214851/
长桂源	https://cd.ke.com/xiaoqu/1612241666847080/
天府生命科技园	https://cd.ke.com/xiaoqu/1620026955093209/
仁和路116号	https://cd.ke.com/xiaoqu/1620027683100465/
汇锦广场	https://cd.ke.com/xiaoqu/1620028079619511/
大源双和社区	https://cd.ke.com/xiaoqu/1620027985247459/
高新大厦	https://cd.ke.com/xiaoqu/1620029620525899/
新园社区	https://cd.ke.com/xiaoqu/1620029398235190/
润兰名居	https://cd.ke.com/xiaoqu/1620029207163219/
肖家河西二巷2号	https://cd.ke.com/xiaoqu/1620029397185094/
紫竹南二街8号	https://cd.ke.com/xiaoqu/1620026621375234/
茗兴花园二期	https://cd.ke.com/xiaoqu/1620030099799677/
新街社区	https://cd.ke.com/xiaoqu/1620029796838268/
丝绸厂宿舍	https://cd.ke.com/xiaoqu/1620029791556605/
彩虹街5号	https://cd.ke.com/xiaoqu/1620029784228578/
双源社区152号院	https://cd.ke.com/xiaoqu/1620029978169042/
领馆逸品	https://cd.ke.com/xiaoqu/1611061561967/
蓓蕾西巷1号	https://cd.ke.com/xiaoqu/1614580504080687/
新怡花园B区	https://cd.ke.com/xiaoqu/1613961532289134/
火炬大厦	https://cd.ke.com/xiaoqu/1613349333249161/
立事达南晶国际	https://cd.ke.com/xiaoqu/1613560342654165/
大鼎世纪广场	https://cd.ke.com/xiaoqu/1613378678698932/
铝材厂宿舍	https://cd.ke.com/xiaoqu/1613652168815283/
皇庭国际中心	https://cd.ke.com/xiaoqu/1613650245200932/
南城都汇汇朗园五期	https://cd.ke.com/xiaoqu/1614096996535950/
西藏中学宿舍	https://cd.ke.com/xiaoqu/1617585497452431/
和顺苑东区	https://cd.ke.com/xiaoqu/1617518711048441/
棕榈山庄	https://cd.ke.com/xiaoqu/1617155641871046/
和平秀苑	https://cd.ke.com/xiaoqu/1617542897741337/
蓝色钻石(中和大道)	https://cd.ke.com/xiaoqu/1617026305765199/
誉峰三期	https://cd.ke.com/xiaoqu/1617159351708775/
三利宅院二期	https://cd.ke.com/xiaoqu/1617728636202887/
创业路49号	https://cd.ke.com/xiaoqu/1618043343482052/
玉林北路4号院	https://cd.ke.com/xiaoqu/1615659443696429/
永丰路6号	https://cd.ke.com/xiaoqu/1615396375400338/
美年中心	https://cd.ke.com/xiaoqu/1615985193552028/
双吉社区48号院	https://cd.ke.com/xiaoqu/1616576943238457/
三利宅院一期	https://cd.ke.com/xiaoqu/1616928279398427/
玉芳苑和谐园	https://cd.ke.com/xiaoqu/1616861968762885/
首座MAX	https://cd.ke.com/xiaoqu/1620020346576808/
东顺园	https://cd.ke.com/xiaoqu/1618265075124713/
瑞祥苑	https://cd.ke.com/xiaoqu/1620020502853385/
府河二期	https://cd.ke.com/xiaoqu/1620020454588618/
新源巷2号	https://cd.ke.com/xiaoqu/1614259809693346/
仁和街115号	https://cd.ke.com/xiaoqu/3011054313315/
大源南一街120号	https://cd.ke.com/xiaoqu/1613989166984808/
一环路南四段15号附24号	https://cd.ke.com/xiaoqu/1620034389393077/
乐活公社	https://cd.ke.com/xiaoqu/1620024706943904/
馨康花园	https://cd.ke.com/xiaoqu/1620030068340969/
临江苑西区	https://cd.ke.com/xiaoqu/1620029984459596/
融创香璟台西苑	https://cd.ke.com/xiaoqu/1620023571849642/
翔宇苑二期	https://cd.ke.com/xiaoqu/1611044110335/
南苑公寓	https://cd.ke.com/xiaoqu/1611043998800/
兴蓉佳苑	https://cd.ke.com/xiaoqu/1611045074099/
高升桥东路3号	https://cd.ke.com/xiaoqu/1611044669040/
肖家河沿街45号	https://cd.ke.com/xiaoqu/1611044903874/
芳草街47号	https://cd.ke.com/xiaoqu/1611045259078/
聚贤楼	https://cd.ke.com/xiaoqu/1611045361998/
圆梦苑	https://cd.ke.com/xiaoqu/1611045487443/
丰尚玉林商务港	https://cd.ke.com/xiaoqu/1611045338381/
芳草街4号新1号	https://cd.ke.com/xiaoqu/1611044914388/
新源巷9号	https://cd.ke.com/xiaoqu/1611044626051/
新源巷1号	https://cd.ke.com/xiaoqu/1611044625838/
玉林西路11号	https://cd.ke.com/xiaoqu/1611046310914/
芳华街23号	https://cd.ke.com/xiaoqu/1611046435244/
一环路南三段78号	https://cd.ke.com/xiaoqu/1611046458048/
天府花园二期	https://cd.ke.com/xiaoqu/1611046377378/
兴蓉南三巷6号	https://cd.ke.com/xiaoqu/1611045736662/
祥和苑(高新)	https://cd.ke.com/xiaoqu/1611046532529/
沙子堰西巷6号	https://cd.ke.com/xiaoqu/1611042821688/
沙子堰西巷4号	https://cd.ke.com/xiaoqu/1611042821199/
绿岸嘉苑	https://cd.ke.com/xiaoqu/1611043003043/
兴蓉街8号	https://cd.ke.com/xiaoqu/1611043009546/
蓓蕾西巷4号	https://cd.ke.com/xiaoqu/1611043039312/
芳草东街91号	https://cd.ke.com/xiaoqu/1611043039935/
神仙树北路3号附3号	https://cd.ke.com/xiaoqu/1611043044400/
蓝天路36号	https://cd.ke.com/xiaoqu/1611043043488/
蓝天路2号	https://cd.ke.com/xiaoqu/1611043034352/
蓓蕾中巷1号	https://cd.ke.com/xiaoqu/1611043039443/
紫荆巷56号院	https://cd.ke.com/xiaoqu/1611043049517/
紫荆北路58号	https://cd.ke.com/xiaoqu/1611041830966/
熊家桥20号院	https://cd.ke.com/xiaoqu/3011056088179/
富润国际广场	https://cd.ke.com/xiaoqu/1620020796469432/
府河小区东区	https://cd.ke.com/xiaoqu/1620030106098234/
天府软件园A区	https://cd.ke.com/xiaoqu/1620032130934612/
馨康花园	https://cd.ke.com/xiaoqu/1620030068340969/
普得先锋国际	https://cd.ke.com/xiaoqu/1620028731119743/
太平寺10号院	https://cd.ke.com/xiaoqu/1620029976075318/
润兰庭苑	https://cd.ke.com/xiaoqu/1620030069392302/
人居盛和林语北区	https://cd.ke.com/xiaoqu/1620036508431966/
火炬时代	https://cd.ke.com/xiaoqu/1620035982861432/
神二库家属院	https://cd.ke.com/xiaoqu/1620036478014544/
世纪城路208号	https://cd.ke.com/xiaoqu/1610005637771593/
大源南二街5号院	https://cd.ke.com/xiaoqu/1620029972930005/
天府名居金沙江苑	https://cd.ke.com/xiaoqu/1611061156421/
明宇南御	https://cd.ke.com/xiaoqu/1620035643990456/
紫荆西路8号	https://cd.ke.com/xiaoqu/1620021352327705/
南新逸苑	https://cd.ke.com/xiaoqu/1620029978163295/
名栖苑	https://cd.ke.com/xiaoqu/1620030069391543/
一环路南三段66号	https://cd.ke.com/xiaoqu/1620025163219719/
润兰名居一期	https://cd.ke.com/xiaoqu/1620030062057058/
中铁信托大厦	https://cd.ke.com/xiaoqu/1620037506832175/
锦城大道790号	https://cd.ke.com/xiaoqu/1620022539562013/
OCG国际中心	https://cd.ke.com/xiaoqu/1620021132043401/
天府二街1316号	https://cd.ke.com/xiaoqu/1620042221067431/
满福庭院	https://cd.ke.com/xiaoqu/1620026119111160/
成达大厦	https://cd.ke.com/xiaoqu/16000000000948/
超洋路2号	https://cd.ke.com/xiaoqu/1620040432930665/
仁美熙和府	https://cd.ke.com/xiaoqu/1620038087791603/
一环路南三段80号	https://cd.ke.com/xiaoqu/1620038471722898/
新中泰国际大厦	https://cd.ke.com/xiaoqu/1620023253944903/
鑫信合中心	https://cd.ke.com/xiaoqu/1620037262428703/
保利星荟	https://cd.ke.com/xiaoqu/1620037572800141/
双和社区44号院	https://cd.ke.com/xiaoqu/1620029982358784/
时尚嚞里	https://cd.ke.com/xiaoqu/1620040032326660/
宁馨园	https://cd.ke.com/xiaoqu/16000000012216/
新景璟誉府	https://cd.ke.com/xiaoqu/1620040274549673/
宸光和悦二期	https://cd.ke.com/xiaoqu/16000000008845/
红松小区（石油培训宿舍）	https://cd.ke.com/xiaoqu/16000000014193/
锦城悦庭	https://cd.ke.com/xiaoqu/1620033121070382/
肖家河沿巷4号	https://cd.ke.com/xiaoqu/16000000017737/
新中街	https://cd.ke.com/xiaoqu/1620030069392431/
应龙6组258号	https://cd.ke.com/xiaoqu/16000000025681/
万科璟南堂	https://cd.ke.com/xiaoqu/1620036078346590/
宸光和悦三期	https://cd.ke.com/xiaoqu/16000000002792/
锦星苑	https://cd.ke.com/xiaoqu/16000000080976/
高投ICON和郡	https://cd.ke.com/xiaoqu/16000000008246/
合景誉舍	https://cd.ke.com/xiaoqu/16000000001395/
仁美江誉	https://cd.ke.com/xiaoqu/16000000012799/
中德时代星辰	https://cd.ke.com/xiaoqu/16000000068435/
四川武警森林总队	https://cd.ke.com/xiaoqu/1611061495412/
两江国际天府一街535号	https://cd.ke.com/xiaoqu/16000000074178/
融创香璟台东苑一期	https://cd.ke.com/xiaoqu/16000000074389/
融创香璟台东苑二期	https://cd.ke.com/xiaoqu/16000000074388/
融创香璟台东苑三期	https://cd.ke.com/xiaoqu/16000000074387/
航天城上城二期	https://cd.ke.com/xiaoqu/16000000074991/
合景泰富瑧林	https://cd.ke.com/xiaoqu/16000000009631/
长冶南阳御龙府二期	https://cd.ke.com/xiaoqu/16000000074390/
中建天府公馆二期	https://cd.ke.com/xiaoqu/1620072967325185/
城南小院	https://cd.ke.com/xiaoqu/16000000082607/
北大资源紫境府一期	https://cd.ke.com/xiaoqu/16000000086531/
麓鸣九天麓语苑	https://cd.ke.com/xiaoqu/16000000066029/
金隅金成西府	https://cd.ke.com/xiaoqu/16000000068840/
会龙小区三期	https://cd.ke.com/xiaoqu/1611061529619/
测绘队家属区	https://cd.ke.com/xiaoqu/1620030096659405/
德商御璟天骄	https://cd.ke.com/xiaoqu/1620034419858848/
新能巷6号	https://cd.ke.com/xiaoqu/16000000007654/
中和精舍	https://cd.ke.com/xiaoqu/16000000027624/
莱普敦中心	https://cd.ke.com/xiaoqu/1620043576318490/
中柏路29号	https://cd.ke.com/xiaoqu/16000000035573/
宸光和悦二期	https://cd.ke.com/xiaoqu/16000000008845/
柳荫街19号	https://cd.ke.com/xiaoqu/16000000006063/
火炬时代	https://cd.ke.com/xiaoqu/1620035982861432/
瑞祥大厦	https://cd.ke.com/xiaoqu/1617772045675793/
润兰庭苑	https://cd.ke.com/xiaoqu/1620030069392302/
神二库家属院	https://cd.ke.com/xiaoqu/1620036478014544/
东华虹湾一号	https://cd.ke.com/xiaoqu/166991020044880/
大源南二街145号院	https://cd.ke.com/xiaoqu/1620029970827894/
新街里第六街	https://cd.ke.com/xiaoqu/1620030751457657/
融创香璟台西苑	https://cd.ke.com/xiaoqu/1620023571849642/
太平街44号院	https://cd.ke.com/xiaoqu/1620030105049914/
新下街104号	https://cd.ke.com/xiaoqu/1620027974756199/
一环路南四段15号附24号	https://cd.ke.com/xiaoqu/1620034389393077/
檀香山	https://cd.ke.com/xiaoqu/1620049011918148/
宸光和悦	https://cd.ke.com/xiaoqu/1620034417760179/
双陆公寓	https://cd.ke.com/xiaoqu/1620051453544586/
馨月苑	https://cd.ke.com/xiaoqu/1620030080929170/
天府国际金融中心	https://cd.ke.com/xiaoqu/1620033211346740/
润兰庭院一期	https://cd.ke.com/xiaoqu/1620028396495027/
创新时代广场	https://cd.ke.com/xiaoqu/1620030350676748/
永馨佳苑	https://cd.ke.com/xiaoqu/1620039198375913/
学苑路67号	https://cd.ke.com/xiaoqu/16000000007009/
青竹晓院	https://cd.ke.com/xiaoqu/1620055184855633/
新雅横街5号	https://cd.ke.com/xiaoqu/16000000007426/
复地金融岛.商业	https://cd.ke.com/xiaoqu/1620055237255709/
永丰馨苑	https://cd.ke.com/xiaoqu/1612719530979721/
博雅城市广场	https://cd.ke.com/xiaoqu/1620038942683268/
悠方购物中心	https://cd.ke.com/xiaoqu/1620034671580854/
远大都市风景四期	https://cd.ke.com/xiaoqu/1611057295079/
蓝光雍锦丽府	https://cd.ke.com/xiaoqu/1620026967677809/
总医院小区	https://cd.ke.com/xiaoqu/16000000001349/
搜房金融大厦	https://cd.ke.com/xiaoqu/1620022588947009/
锦晖东街宿舍	https://cd.ke.com/xiaoqu/1620042094147108/
世纪城新会展	https://cd.ke.com/xiaoqu/16000000000712/
天府恒大文化旅游城	https://cd.ke.com/xiaoqu/16000000000826/
华路街53号	https://cd.ke.com/xiaoqu/16000000000667/
北辰香麓	https://cd.ke.com/xiaoqu/1612186060861214/
成都高新技术产业开发区中和街道办事处	https://cd.ke.com/xiaoqu/1620039500584868/
通威大厦	https://cd.ke.com/xiaoqu/1620030877317459/
朗基和今缘	https://cd.ke.com/xiaoqu/1620021333450947/
满福庭苑	https://cd.ke.com/xiaoqu/1620026234454347/
世纪城梦想派	https://cd.ke.com/xiaoqu/1620034699897550/
碧桂园沁云里	https://cd.ke.com/xiaoqu/1620024932534615/
东华虹湾一号	https://cd.ke.com/xiaoqu/166991020044880/
肖家河西一巷4号院	https://cd.ke.com/xiaoqu/1620029206116637/
下街125号院	https://cd.ke.com/xiaoqu/1620030081975979/
拉拉铜矿生活区	https://cd.ke.com/xiaoqu/1620030096658982/
华润时光里	https://cd.ke.com/xiaoqu/1616520317012112/
朗诗熙华府	https://cd.ke.com/xiaoqu/1620024924140481/
长冶南阳御龙府一期	https://cd.ke.com/xiaoqu/1620032480290966/
中粮天府宸悦	https://cd.ke.com/xiaoqu/1620034086347638/
新雅横街5号	https://cd.ke.com/xiaoqu/16000000007426/
天府国际金融中心	https://cd.ke.com/xiaoqu/1620033211346740/
馨月苑	https://cd.ke.com/xiaoqu/1620030080929170/
学苑路67号	https://cd.ke.com/xiaoqu/16000000007009/
永丰馨苑	https://cd.ke.com/xiaoqu/1612719530979721/
新上街92号	https://cd.ke.com/xiaoqu/16000000009741/
青竹晓院	https://cd.ke.com/xiaoqu/1620055184855633/
复地金融岛.商业	https://cd.ke.com/xiaoqu/1620055237255709/
金地天府城公寓	https://cd.ke.com/xiaoqu/1620055923111847/
中海部落阁	https://cd.ke.com/xiaoqu/1620031769031122/
瑞祥大厦	https://cd.ke.com/xiaoqu/1617772045675793/
卓越珑樾府	https://cd.ke.com/xiaoqu/1620040388961508/
中德英伦联邦D区	https://cd.ke.com/xiaoqu/1620036769516304/
学苑路116号	https://cd.ke.com/xiaoqu/16000000002267/
誉峰M5行政公寓	https://cd.ke.com/xiaoqu/1620043860283954/
都景苑	https://cd.ke.com/xiaoqu/16000000001768/
太平寺西路17号	https://cd.ke.com/xiaoqu/16000000010634/
柳荫街19号	https://cd.ke.com/xiaoqu/16000000006063/
创新时代广场	https://cd.ke.com/xiaoqu/1620030350676748/
兴蓉南三巷4号	https://cd.ke.com/xiaoqu/16000000003149/
檀香山	https://cd.ke.com/xiaoqu/1620049011918148/
宸光和悦	https://cd.ke.com/xiaoqu/1620034417760179/
润兰庭院一期	https://cd.ke.com/xiaoqu/1620028396495027/
双陆公寓	https://cd.ke.com/xiaoqu/1620051453544586/
北辰朗诗南门绿郡二期	https://cd.ke.com/xiaoqu/1620043833280616/
永馨佳苑	https://cd.ke.com/xiaoqu/1620039198375913/
南城都汇汇雅园二期	https://cd.ke.com/xiaoqu/1611043169737/
恒瑞新川中心一期	https://cd.ke.com/xiaoqu/1620024900002272/
环球中心	https://cd.ke.com/xiaoqu/1611060207323/
天创·蓉耀	https://cd.ke.com/xiaoqu/1620047105291287/
都会路苑	https://cd.ke.com/xiaoqu/1611041479953/
中德英伦联邦C区	https://cd.ke.com/xiaoqu/1620021757161387/
南华佳苑	https://cd.ke.com/xiaoqu/1620030047367425/
双和社区48号院	https://cd.ke.com/xiaoqu/1620029979216639/
天悦府	https://cd.ke.com/xiaoqu/1611058727460/
公馆1881	https://cd.ke.com/xiaoqu/1611047624535/
君和源	https://cd.ke.com/xiaoqu/1611044228042/
蓝天路3号	https://cd.ke.com/xiaoqu/1611043043381/
安信花园	https://cd.ke.com/xiaoqu/1611060936872/
新光社区文韵苑	https://cd.ke.com/xiaoqu/3011052778730/
蜀都中心一期	https://cd.ke.com/xiaoqu/1611061055484/
新港国际花园	https://cd.ke.com/xiaoqu/3011055469345/
芳草街4号新2号	https://cd.ke.com/xiaoqu/1611044878187/
天合凯旋南城	https://cd.ke.com/xiaoqu/1611061596074/
恩威玲珑南域	https://cd.ke.com/xiaoqu/1611043103565/
中德英伦联邦B区	https://cd.ke.com/xiaoqu/1611061209751/
祥和园	https://cd.ke.com/xiaoqu/1611043077892/
高盛金融中心	https://cd.ke.com/xiaoqu/1611063658650/
鸿阁一号	https://cd.ke.com/xiaoqu/3011056080360/
玉林西路31号	https://cd.ke.com/xiaoqu/1611042982747/
润和原筑	https://cd.ke.com/xiaoqu/1611042541180/
保利心语花园二期	https://cd.ke.com/xiaoqu/1611057973549/
都城雅颂居	https://cd.ke.com/xiaoqu/3011055406852/
君和源	https://cd.ke.com/xiaoqu/1611044228042/
祥和园	https://cd.ke.com/xiaoqu/1611043077892/
艺家CLASS	https://cd.ke.com/xiaoqu/166992369823489/
润和原筑	https://cd.ke.com/xiaoqu/1611042541180/
中洲锦城湖岸	https://cd.ke.com/xiaoqu/1611100084583/
金竹苑A区	https://cd.ke.com/xiaoqu/1611041819250/
王府花园	https://cd.ke.com/xiaoqu/1611041616011/
嘉信花园	https://cd.ke.com/xiaoqu/1611041556586/
名著司南	https://cd.ke.com/xiaoqu/1611060543018/
建发鹭洲国际	https://cd.ke.com/xiaoqu/1611062668933/
都城雅颂居	https://cd.ke.com/xiaoqu/3011055406852/
保利国际广场	https://cd.ke.com/xiaoqu/16000000014330/
测绘队家属区	https://cd.ke.com/xiaoqu/1620030096659405/
麓鸣九天麓鸣苑	https://cd.ke.com/xiaoqu/1620051606641968/
天目中心	https://cd.ke.com/xiaoqu/1620033484144153/
莱普敦中心	https://cd.ke.com/xiaoqu/1620043576318490/
中柏路29号	https://cd.ke.com/xiaoqu/16000000035573/
中海部落阁	https://cd.ke.com/xiaoqu/1620031769031122/
中环岛广场	https://cd.ke.com/xiaoqu/1620069981948393/
宸光和悦三期	https://cd.ke.com/xiaoqu/16000000002792/
万科璟南堂	https://cd.ke.com/xiaoqu/1620036078346590/
保利锦外小户	https://cd.ke.com/xiaoqu/16000000004797/
万科·新川荟	https://cd.ke.com/xiaoqu/1620050324966131/
朗诗熙公馆	https://cd.ke.com/xiaoqu/1620075211299195/
复城国际	https://cd.ke.com/xiaoqu/1611061105698/
世龙广场	https://cd.ke.com/xiaoqu/1611063240742/
领馆区1号	https://cd.ke.com/xiaoqu/1611043104030/
时代天府	https://cd.ke.com/xiaoqu/167015278587750/
一品CG	https://cd.ke.com/xiaoqu/1611062710988/
棕榈泉国际中心	https://cd.ke.com/xiaoqu/1611061267651/
锦龙云府	https://cd.ke.com/xiaoqu/1611060659612/
仁和街39号院	https://cd.ke.com/xiaoqu/3011052002620/
欧尚庭院	https://cd.ke.com/xiaoqu/3011056076191/
天鹅湖花园	https://cd.ke.com/xiaoqu/3011055396081/
电子工业部三十所宿舍	https://cd.ke.com/xiaoqu/1611061327583/
大城际	https://cd.ke.com/xiaoqu/3011056073313/
倍特科技苑	https://cd.ke.com/xiaoqu/1611041832106/
银泰中心	https://cd.ke.com/xiaoqu/1611063537443/
朗基天香	https://cd.ke.com/xiaoqu/167348923149736/
润新花园二期	https://cd.ke.com/xiaoqu/1611062021761/
和贵时代巢	https://cd.ke.com/xiaoqu/1611041606967/
朗基紫境府	https://cd.ke.com/xiaoqu/1620020877209442/
中海城南华府	https://cd.ke.com/xiaoqu/1611049015431/
天府长城嘉南地	https://cd.ke.com/xiaoqu/1611041808378/
人居盛和林语南区	https://cd.ke.com/xiaoqu/1620036488510344/
英郡一期	https://cd.ke.com/xiaoqu/3011055403435/
沁芳园	https://cd.ke.com/xiaoqu/1611041804158/
桐梓林壹号	https://cd.ke.com/xiaoqu/1611051173541/
天府长城图南多	https://cd.ke.com/xiaoqu/3011052117933/
翡翠半岛	https://cd.ke.com/xiaoqu/3011055510721/
中海九号公馆	https://cd.ke.com/xiaoqu/1611058614658/
金翠苑	https://cd.ke.com/xiaoqu/1611044673759/
时代天城	https://cd.ke.com/xiaoqu/3011056092230/
长城半岛城邦一期	https://cd.ke.com/xiaoqu/3011052096314/
中建天府公馆	https://cd.ke.com/xiaoqu/1620033542876526/
卡斯摩广场	https://cd.ke.com/xiaoqu/1611059759293/
新景鼎南川宇	https://cd.ke.com/xiaoqu/1611701594631683/
嘉年华国际社区	https://cd.ke.com/xiaoqu/1611062662817/
嘉年华青年城	https://cd.ke.com/xiaoqu/1611100024606/
军安卫士花园	https://cd.ke.com/xiaoqu/3011056071116/
天鹅湖花园	https://cd.ke.com/xiaoqu/3011055396081/
人居盛和林语南区	https://cd.ke.com/xiaoqu/1620036488510344/
电子工业部三十所宿舍	https://cd.ke.com/xiaoqu/1611061327583/
朗基天香	https://cd.ke.com/xiaoqu/167348923149736/
中建天府公馆	https://cd.ke.com/xiaoqu/1620033542876526/
世龙广场	https://cd.ke.com/xiaoqu/1611063240742/
仁和街39号院	https://cd.ke.com/xiaoqu/3011052002620/
朗基紫境府	https://cd.ke.com/xiaoqu/1620020877209442/
领馆区1号	https://cd.ke.com/xiaoqu/1611043104030/
棕榈泉国际中心	https://cd.ke.com/xiaoqu/1611061267651/
锦龙云府	https://cd.ke.com/xiaoqu/1611060659612/
中海城南华府	https://cd.ke.com/xiaoqu/1611049015431/
时代天府	https://cd.ke.com/xiaoqu/167015278587750/
金翠苑	https://cd.ke.com/xiaoqu/1611044673759/
时代天城	https://cd.ke.com/xiaoqu/3011056092230/
长城半岛城邦一期	https://cd.ke.com/xiaoqu/3011052096314/
卡斯摩广场	https://cd.ke.com/xiaoqu/1611059759293/
军安卫士花园	https://cd.ke.com/xiaoqu/3011056071116/
翡翠半岛	https://cd.ke.com/xiaoqu/3011055510721/
天府长城嘉南地	https://cd.ke.com/xiaoqu/1611041808378/
欧尚庭院	https://cd.ke.com/xiaoqu/3011056076191/
天府长城图南多	https://cd.ke.com/xiaoqu/3011052117933/
中海九号公馆	https://cd.ke.com/xiaoqu/1611058614658/
英郡一期	https://cd.ke.com/xiaoqu/3011055403435/
沁芳园	https://cd.ke.com/xiaoqu/1611041804158/
南延新苑	https://cd.ke.com/xiaoqu/3011051986522/
南城都汇汇智园二期	https://cd.ke.com/xiaoqu/1611043169116/
雅颂居二期	https://cd.ke.com/xiaoqu/1616392193870433/
神仙树大院四期	https://cd.ke.com/xiaoqu/1611045817419/
南城都汇汇馨园三期	https://cd.ke.com/xiaoqu/1611047199429/
嘉信花园	https://cd.ke.com/xiaoqu/1611041556586/
美年广场	https://cd.ke.com/xiaoqu/1611061200642/
花样年美岸	https://cd.ke.com/xiaoqu/3011055409745/
正成南郡	https://cd.ke.com/xiaoqu/1620023851976470/
新雅中街52号	https://cd.ke.com/xiaoqu/3011054322082/
大源欢乐颂	https://cd.ke.com/xiaoqu/1614911214751652/
东苑A区	https://cd.ke.com/xiaoqu/1611041786160/
育才竹岛	https://cd.ke.com/xiaoqu/1611058901455/
海洋中心	https://cd.ke.com/xiaoqu/1611061227298/
中德英伦世邦K区	https://cd.ke.com/xiaoqu/1611061302083/
时代晶科名苑	https://cd.ke.com/xiaoqu/1611043113553/
中海兰庭	https://cd.ke.com/xiaoqu/1611047737374/
朗基御今缘	https://cd.ke.com/xiaoqu/1610050448928405/
华府西苑	https://cd.ke.com/xiaoqu/3011055414816/
招商玺荟	https://cd.ke.com/xiaoqu/1620069194449409/
中铁城锦南汇	https://cd.ke.com/xiaoqu/1611063961989/
临江苑东区	https://cd.ke.com/xiaoqu/1620029975025694/
新南四期	https://cd.ke.com/xiaoqu/1620030302251530/
南城都汇汇彩园	https://cd.ke.com/xiaoqu/1614395253469882/
融创香璟台西苑三期	https://cd.ke.com/xiaoqu/16000000078503/
南城都汇汇翠园一期	https://cd.ke.com/xiaoqu/1611047102608/
华润凤凰城一期	https://cd.ke.com/xiaoqu/3011055412135/
复地金融岛	https://cd.ke.com/xiaoqu/1611063494584/
两江国际	https://cd.ke.com/xiaoqu/1611061576269/
中德英伦联邦A区	https://cd.ke.com/xiaoqu/1611059031041/
天合汇锦城	https://cd.ke.com/xiaoqu/1611058923535/
南城都汇汇晴园五期	https://cd.ke.com/xiaoqu/1611047199431/
誉峰二期	https://cd.ke.com/xiaoqu/1611057920126/
